playerName,ovr,position,program,team,price,externalId,url
Reggie Bush,89,,Ranked,,,109027227,https://www.mut.gg/players/27227-reggie-bush/27-109027227/
Sauce Gardner,89,,Ranked,,,109022260,https://www.mut.gg/players/22260-ahmad-gardner/27-109022260/
Christian Watson,89,,Ranked,,,109022373,https://www.mut.gg/players/22373-christian-watson/27-109022373/
Reggie Bush,88,,Ranked,,,109127227,https://www.mut.gg/players/27227-reggie-bush/27-109127227/
Sauce Gardner,88,,Ranked,,,109122260,https://www.mut.gg/players/22260-ahmad-gardner/27-109122260/
Christian Watson,88,,Ranked,,,109122373,https://www.mut.gg/players/22373-christian-watson/27-109122373/
Reggie Bush,87,,Ranked,,,109227227,https://www.mut.gg/players/27227-reggie-bush/27-109227227/
Sauce Gardner,87,,Ranked,,,109222260,https://www.mut.gg/players/22260-ahmad-gardner/27-109222260/
Christian Watson,87,,Ranked,,,109222373,https://www.mut.gg/players/22373-christian-watson/27-109222373/
DK Metcalf,86,,Collectors Series,,,161020353,https://www.mut.gg/players/20353-dk-metcalf/27-161020353/
Quinyon Mitchell,86,,Collectors Series,,,161014932,https://www.mut.gg/players/14932-quinyon-mitchell/27-161014932/
Sonny Styles,86,,Collectors Series,,,161016185,https://www.mut.gg/players/16185-sonny-styles/27-161016185/
Champ Bailey,86,,Legends,,,163011350,https://www.mut.gg/players/11350-champ-bailey/27-163011350/
T.Y. Hilton,86,,Legends,,,163011276,https://www.mut.gg/players/11276-ty-hilton/27-163011276/
Joe Montana,86,,Legends,,,163011208,https://www.mut.gg/players/11208-joe-montana/27-163011208/
Reggie Bush,86,,Ranked,,,109327227,https://www.mut.gg/players/27227-reggie-bush/27-109327227/
Leo Chenal,86,,Preseason Standouts,,,111022458,https://www.mut.gg/players/22458-leo-chenal/27-111022458/
Sauce Gardner,86,,Ranked,,,109322260,https://www.mut.gg/players/22260-ahmad-gardner/27-109322260/
Kyler Murray,86,,Preseason Standouts,,,111020430,https://www.mut.gg/players/20430-kyler-murray/27-111020430/
Christian Watson,86,,Ranked,,,109322373,https://www.mut.gg/players/22373-christian-watson/27-109322373/
Cole Bishop,86,,Pregame Access,,,106014958,https://www.mut.gg/players/14958-cole-bishop/27-106014958/
Matthew Golden,86,,Pregame Access,,,106015096,https://www.mut.gg/players/15096-matthew-golden/27-106015096/
Quinshon Judkins,86,,Pregame Access,,,106014811,https://www.mut.gg/players/14811-quinshon-judkins/27-106014811/
Luke Kuechly,86,,Core Players,,,101011309,https://www.mut.gg/players/11309-luke-kuechly/27-101011309/
Nate Wiggins,86,,Pregame Access,,,106014924,https://www.mut.gg/players/14924-nate-wiggins/27-106014924/
Mansoor Delane,85,,Collectors Series,,,161001827,https://www.mut.gg/players/1827-mansoor-delane/27-161001827/
Caleb Downs,85,,Collectors Series,,,161016198,https://www.mut.gg/players/16198-caleb-downs/27-161016198/
Dennis Gardeck,85,,Collectors Series,,,161013610,https://www.mut.gg/players/13610-dennis-gardeck/27-161013610/
Colton McKivitz,85,,Collectors Series,,,161021115,https://www.mut.gg/players/21115-colton-mckivitz/27-161021115/
Aaron Rodgers,85,,Collectors Series,,,161026668,https://www.mut.gg/players/26668-aaron-rodgers/27-161026668/
Cam Skattebo,85,,Collectors Series,,,161014807,https://www.mut.gg/players/14807-cam-skattebo/27-161014807/
Xavier Watts,85,,Collectors Series,,,161015331,https://www.mut.gg/players/15331-xavier-watts/27-161015331/
Chase Young,85,,Collectors Series,,,161020985,https://www.mut.gg/players/20985-chase-young/27-161020985/
Dwight Freeney,85,,Legends,,,163014840,https://www.mut.gg/players/14840-dwight-freeney/27-163014840/
Derrick Johnson,85,,Legends,,,163026748,https://www.mut.gg/players/26748-derrick-johnson/27-163026748/
Ronnie Lott,85,,Legends,,,163011469,https://www.mut.gg/players/11469-ronnie-lott/27-163011469/
Gerald McCoy,85,,Legends,,,163009859,https://www.mut.gg/players/9859-gerald-mccoy/27-163009859/
Willie Anderson,85,,Legends,,,163000273,https://www.mut.gg/players/273-willie-anderson/27-163000273/
Martellus Bennett,85,,Legends,,,163028442,https://www.mut.gg/players/28442-martellus-bennett/27-163028442/
Marcel Reece,85,,Legends,,,163010020,https://www.mut.gg/players/10020-marcel-reece/27-163010020/
Marshal Yanda,85,,Legends,,,163028013,https://www.mut.gg/players/28013-marshal-yanda/27-163028013/
Devin Bush,85,,Preseason Standouts,,,111020583,https://www.mut.gg/players/20583-devin-bush/27-111020583/
Travis Etienne Jr,85,,Preseason Standouts,,,111021721,https://www.mut.gg/players/21721-travis-etienne/27-111021721/
Trey Hendrickson,85,,Preseason Standouts,,,111012692,https://www.mut.gg/players/12692-trey-hendrickson/27-111012692/
Wyatt Teller,85,,Preseason Standouts,,,111013208,https://www.mut.gg/players/13208-wyatt-teller/27-111013208/
Jaylen Waddle,85,,Preseason Standouts,,,111021760,https://www.mut.gg/players/21760-jaylen-waddle/27-111021760/
Riq Woolen,85,,Preseason Standouts,,,111022247,https://www.mut.gg/players/22247-tariq-woolen/27-111022247/
Charles Cross,85,,Pregame Access,,,106022437,https://www.mut.gg/players/22437-charles-cross/27-106022437/
Travis Hunter,85,,Pregame Access,,,106015101,https://www.mut.gg/players/15101-travis-hunter/27-106015101/
Colston Loveland,85,,Pregame Access,,,106015117,https://www.mut.gg/players/15117-colston-loveland/27-106015117/
Carson Schwesinger,85,,Pregame Access,,,106015266,https://www.mut.gg/players/15266-carson-schwesinger/27-106015266/
Rueben Bain Jr.,85,,Rookie Premiere,,,108516334,https://www.mut.gg/players/16334-rueben-bain-jr/27-108516334/
Brandon Cisse,85,,Rookie Premiere,,,108516349,https://www.mut.gg/players/16349-brandon-cisse/27-108516349/
Olaivavega Ioane,85,,Rookie Premiere,,,108516217,https://www.mut.gg/players/16217-olaivavega-ioane/27-108516217/
Jeremiyah Love,85,,Rookie Premiere,,,108516370,https://www.mut.gg/players/16370-jeremiyah-love/27-108516370/
Fernando Mendoza,85,,Rookie Premiere,,,108516261,https://www.mut.gg/players/16261-fernando-mendoza/27-108516261/
Jacob Rodriguez,85,,Rookie Premiere,,,108501806,https://www.mut.gg/players/1806-jacob-rodriguez/27-108501806/
Kenyon Sadiq,85,,Rookie Premiere,,,108516385,https://www.mut.gg/players/16385-kenyon-sadiq/27-108516385/
Carnell Tate,85,,Rookie Premiere,,,108516186,https://www.mut.gg/players/16186-carnell-tate/27-108516186/
Josh Allen,85,,Core,,,101013197,https://www.mut.gg/players/13197-josh-allen/27-101013197/
Will Anderson Jr,85,,Core,,,101022702,https://www.mut.gg/players/22702-will-anderson-jr/27-101022702/
Jessie Bates III,85,,Core,,,101013202,https://www.mut.gg/players/13202-jessie-bates-iii/27-101013202/
Derrick Brown,85,,Core,,,101021286,https://www.mut.gg/players/21286-derrick-brown/27-101021286/
Ja'Marr Chase,85,,Core,,,101021586,https://www.mut.gg/players/21586-jamarr-chase/27-101021586/
Jeremy Chinn,85,,Pregame Access,,,106021151,https://www.mut.gg/players/21151-jeremy-chinn/27-106021151/
Maxx Crosby,85,,Core,,,101020571,https://www.mut.gg/players/20571-maxx-crosby/27-101020571/
Jaxson Dart,85,,Pregame Access,,,106014796,https://www.mut.gg/players/14796-jaxson-dart/27-106014796/
Michael Dickson,85,,Core,,,101013391,https://www.mut.gg/players/13391-michael-dickson/27-101013391/
Michael Dickson,85,,Platinum Players,,,101113391,https://www.mut.gg/players/13391-michael-dickson/27-101113391/
Nick Folk,85,,Core,,,101028142,https://www.mut.gg/players/28142-nick-folk/27-101028142/
Nick Folk,85,,Platinum Players,,,101128142,https://www.mut.gg/players/28142-nick-folk/27-101128142/
Myles Garrett,85,,Core,,,101012520,https://www.mut.gg/players/12520-myles-garrett/27-101012520/
Jahmyr Gibbs,85,,Core,,,101022691,https://www.mut.gg/players/22691-jahmyr-gibbs/27-101022691/
Christian Gonzalez,85,,Core,,,101023026,https://www.mut.gg/players/23026-christian-gonzalez/27-101023026/
Josh Harris,85,,Core,,,101011807,https://www.mut.gg/players/11807-josh-harris/27-101011807/
Josh Harris,85,,Platinum Players,,,101111807,https://www.mut.gg/players/11807-josh-harris/27-101111807/
Marvin Harrison Jr,85,,Pregame Access,,,106014643,https://www.mut.gg/players/14643-marvin-harrison-jr/27-106014643/
Creed Humphrey,85,,Core,,,101021551,https://www.mut.gg/players/21551-creed-humphrey/27-101021551/
Cam Jurgens,85,,Pregame Access,,,106022273,https://www.mut.gg/players/22273-cam-jurgens/27-106022273/
Kyle Juszczyk,85,,Platinum Players,,,101101599,https://www.mut.gg/players/1599-kyle-juszczyk/27-101101599/
Kyle Juszczyk,85,,Core,,,101001599,https://www.mut.gg/players/1599-kyle-juszczyk/27-101001599/
Trey McBride,85,,Core,,,101022093,https://www.mut.gg/players/22093-trey-mcbride/27-101022093/
Puka Nacua,85,,Core,,,101022811,https://www.mut.gg/players/22811-puka-nacua/27-101022811/
Micah Parsons,85,,Core,,,101021476,https://www.mut.gg/players/21476-micah-parsons/27-101021476/
Penei Sewell,85,,Core,,,101021540,https://www.mut.gg/players/21540-penei-sewell/27-101021540/
Jeffery Simmons,85,,Core,,,101020549,https://www.mut.gg/players/20549-jeffery-simmons-jr/27-101020549/
Jaxon Smith-Njigba,85,,Core,,,101022694,https://www.mut.gg/players/22694-jaxon-smith-njigba/27-101022694/
Matthew Stafford,85,,Core,,,101020051,https://www.mut.gg/players/20051-matthew-stafford/27-101020051/
Patrick Surtain II,85,,Core,,,101021764,https://www.mut.gg/players/21764-patrick-surtain-ii/27-101021764/
T'Vondre Sweat,85,,Pregame Access,,,106014760,https://www.mut.gg/players/14760-tvondre-sweat/27-106014760/
Joe Thuney,85,,Core,,,101017777,https://www.mut.gg/players/17777-joe-thuney/27-101017777/
Jalon Walker,85,,Pregame Access,,,106015265,https://www.mut.gg/players/15265-jalon-walker/27-106015265/
Fred Warner,85,,Core,,,101013203,https://www.mut.gg/players/13203-fred-warner/27-101013203/
Reggie Bush,84,,Ranked,,,109427227,https://www.mut.gg/players/27227-reggie-bush/27-109427227/
Sauce Gardner,84,,Ranked,,,109422260,https://www.mut.gg/players/22260-ahmad-gardner/27-109422260/
Christian Watson,84,,Ranked,,,109422373,https://www.mut.gg/players/22373-christian-watson/27-109422373/
Brandon Aubrey,84,,Platinum Players,,,101123329,https://www.mut.gg/players/23329-brandon-aubrey/27-101123329/
Brandon Aubrey,84,,Core,,,101023329,https://www.mut.gg/players/23329-brandon-aubrey/27-101023329/
Zack Baun,84,,Core,,,101021142,https://www.mut.gg/players/21142-zack-baun/27-101021142/
Garett Bolles,84,,Core,,,101012545,https://www.mut.gg/players/12545-garett-bolles/27-101012545/
Nick Bosa,84,,Core,,,101020565,https://www.mut.gg/players/20565-nick-bosa/27-101020565/
Aaron Brewer,84,,Core,,,101021365,https://www.mut.gg/players/21365-aaron-brewer/27-101021365/
Andrew DePaola,84,,Core,,,101002279,https://www.mut.gg/players/2279-andrew-depaola/27-101002279/
Andrew DePaola,84,,Platinum Players,,,101102279,https://www.mut.gg/players/2279-andrew-depaola/27-101102279/
Kyle Hamilton,84,,Core,,,101022226,https://www.mut.gg/players/22226-kyle-hamilton/27-101022226/
Cam Heyward,84,,Core,,,101010698,https://www.mut.gg/players/10698-cameron-heyward/27-101010698/
Danielle Hunter,84,,Core,,,101002540,https://www.mut.gg/players/2540-danielle-hunter/27-101002540/
Aidan Hutchinson,84,,Core,,,101022145,https://www.mut.gg/players/22145-aidan-hutchinson/27-101022145/
Lamar Jackson,84,,Core,,,101013092,https://www.mut.gg/players/13092-lamar-jackson/27-101013092/
Derwin James Jr,84,,Core,,,101013080,https://www.mut.gg/players/13080-derwin-james-jr/27-101013080/
Justin Jefferson,84,,Core,,,101020961,https://www.mut.gg/players/20961-justin-jefferson/27-101020961/
Chris Jones,84,,Core,,,101017676,https://www.mut.gg/players/17676-chris-jones/27-101017676/
Kerby Joseph,84,,Core,,,101022227,https://www.mut.gg/players/22227-kerby-joseph/27-101022227/
George Kittle,84,,Core,,,101012836,https://www.mut.gg/players/12836-george-kittle/27-101012836/
CeeDee Lamb,84,,Core,,,101020932,https://www.mut.gg/players/20932-ceedee-lamb/27-101020932/
Patrick Mahomes,84,,Core,,,101012635,https://www.mut.gg/players/12635-patrick-mahomes/27-101012635/
Christian McCaffrey,84,,Core,,,101012556,https://www.mut.gg/players/12556-christian-mccaffrey/27-101012556/
Trent McDuffie,84,,Core,,,101022265,https://www.mut.gg/players/22265-trent-mcduffie/27-101022265/
Quinn Meinerz,84,,Core,,,101021842,https://www.mut.gg/players/21842-quinn-meinerz/27-101021842/
Quenton Nelson,84,,Core,,,101013081,https://www.mut.gg/players/13081-quenton-nelson/27-101013081/
Bijan Robinson,84,,Core,,,101022690,https://www.mut.gg/players/22690-bijan-robinson/27-101022690/
Rigoberto Sanchez,84,,Core,,,101012930,https://www.mut.gg/players/12930-rigoberto-sanchez/27-101012930/
Rigoberto Sanchez,84,,Platinum Players,,,101112930,https://www.mut.gg/players/12930-rigoberto-sanchez/27-101112930/
Roquan Smith,84,,Core,,,101013082,https://www.mut.gg/players/13082-roquan-smith/27-101013082/
Amon-Ra St. Brown,84,,Core,,,101021606,https://www.mut.gg/players/21606-amon-ra-st-brown/27-101021606/
Derek Stingley Jr,84,,Core,,,101022269,https://www.mut.gg/players/22269-derek-stingley-jr/27-101022269/
Vita Vea,84,,Core,,,101013091,https://www.mut.gg/players/13091-vita-vea/27-101013091/
Jared Verse,84,,Core,,,101014752,https://www.mut.gg/players/14752-jared-verse/27-101014752/
Kenneth Walker,84,,Core,,,101022338,https://www.mut.gg/players/22338-kenneth-walker-iii/27-101022338/
Denzel Ward,84,,Core,,,101013101,https://www.mut.gg/players/13101-denzel-ward/27-101013101/
T.J. Watt,84,,Core,,,101012562,https://www.mut.gg/players/12562-tj-watt/27-101012562/
Trent Williams,84,,Core,,,101009800,https://www.mut.gg/players/9800-trent-williams/27-101009800/
Antoine Winfield Jr,84,,Core,,,101021017,https://www.mut.gg/players/21017-antoine-winfield-jr/27-101021017/
Tristan Wirfs,84,,Core,,,101020971,https://www.mut.gg/players/20971-tristan-wirfs/27-101020971/
Devon Witherspoon,84,,Core,,,101023023,https://www.mut.gg/players/23023-devon-witherspoon/27-101023023/
Omar Speights,83,,Training Camp,,,107014917,https://www.mut.gg/players/14917-omar-speights/27-107014917/
De'Von Achane,83,,Core,,,101022692,https://www.mut.gg/players/22692-devon-achane/27-101022692/
Davante Adams,83,,Core,,,101010823,https://www.mut.gg/players/10823-davante-adams/27-101010823/
Saquon Barkley,83,,Core,,,101013085,https://www.mut.gg/players/13085-saquon-barkley/27-101013085/
Derrick Barnes,83,,Core,,,101021674,https://www.mut.gg/players/21674-derrick-barnes/27-101021674/
Corey Bojorquez,83,,Platinum Players,,,101113684,https://www.mut.gg/players/13684-corey-bojorquez/27-101113684/
Corey Bojorquez,83,,Core,,,101013684,https://www.mut.gg/players/13684-corey-bojorquez/27-101013684/
Nik Bonitto,83,,Core,,,101022142,https://www.mut.gg/players/22142-nik-bonitto/27-101022142/
Chris Boswell,83,,Core,,,101002262,https://www.mut.gg/players/2262-chris-boswell/27-101002262/
Chris Boswell,83,,Platinum Players,,,101102262,https://www.mut.gg/players/2262-chris-boswell/27-101102262/
Brock Bowers,83,,Core,,,101014678,https://www.mut.gg/players/14678-brock-bowers/27-101014678/
Brian Branch,83,,Core,,,101023024,https://www.mut.gg/players/23024-brian-branch/27-101023024/
Brian Burns,83,,Core,,,101020566,https://www.mut.gg/players/20566-brian-burns/27-101020566/
Joe Burrow,83,,Core,,,101020948,https://www.mut.gg/players/20948-joe-burrow/27-101020948/
Jack Campbell,83,,Core,,,101022705,https://www.mut.gg/players/22705-jack-campbell/27-101022705/
James Cook III,83,,Core,,,101022054,https://www.mut.gg/players/22054-james-cook/27-101022054/
Sam Darnold,83,,Core,,,101013097,https://www.mut.gg/players/13097-sam-darnold/27-101013097/
Demario Davis,83,,Core,,,101011555,https://www.mut.gg/players/11555-demario-davis/27-101011555/
Cooper DeJean,83,,Core,,,101014923,https://www.mut.gg/players/14923-cooper-dejean/27-101014923/
Mike Evans,83,,Core,,,101010857,https://www.mut.gg/players/10857-mike-evans/27-101010857/
Minkah Fitzpatrick,83,,Core,,,101013084,https://www.mut.gg/players/13084-minkah-fitzpatrick/27-101013084/
Sauce Gardner,83,,Core,,,101022260,https://www.mut.gg/players/22260-ahmad-gardner/27-101022260/
Trey Hendrickson,83,,Core,,,101012692,https://www.mut.gg/players/12692-trey-hendrickson/27-101012692/
Derrick Henry,83,,Core,,,101017557,https://www.mut.gg/players/17557-derrick-henry/27-101017557/
Jaylon Johnson,83,,Core,,,101021009,https://www.mut.gg/players/21009-jaylon-johnson/27-101021009/
Lane Johnson,83,,Core,,,101000927,https://www.mut.gg/players/927-lane-johnson/27-101000927/
Dexter Lawrence II,83,,Core,,,101020552,https://www.mut.gg/players/20552-dexter-lawrence-ii/27-101020552/
Tyler Linderbaum,83,,Core,,,101022274,https://www.mut.gg/players/22274-tyler-linderbaum/27-101022274/
Chris Lindstrom,83,,Core,,,101020369,https://www.mut.gg/players/20369-chris-lindstrom/27-101020369/
Devin Lloyd,83,,Core,,,101022183,https://www.mut.gg/players/22183-devin-lloyd/27-101022183/
Drake London,83,,Core,,,101022068,https://www.mut.gg/players/22068-drake-london/27-101022068/
Drake Maye,83,,Core,,,101014501,https://www.mut.gg/players/14501-drake-maye/27-101014501/
Xavier McKinney,83,,Core,,,101021023,https://www.mut.gg/players/21023-xavier-mckinney/27-101021023/
Terry McLaurin,83,,Core,,,101020435,https://www.mut.gg/players/20435-terry-mclaurin/27-101020435/
Quinyon Mitchell,83,,Core,,,101014932,https://www.mut.gg/players/14932-quinyon-mitchell/27-101014932/
Jason Myers,83,,Core,,,101002772,https://www.mut.gg/players/2772-jason-myers/27-101002772/
Jason Myers,83,,Platinum Players,,,101102772,https://www.mut.gg/players/2772-jason-myers/27-101102772/
Brian O'Neill,83,,Core,,,101013257,https://www.mut.gg/players/13257-brian-oneill/27-101013257/
George Pickens,83,,Core,,,101022365,https://www.mut.gg/players/22365-george-pickens/27-101022365/
Jalen Ramsey,83,,Core,,,101017538,https://www.mut.gg/players/17538-jalen-ramsey/27-101017538/
Patrick Ricard,83,,Core,,,101012959,https://www.mut.gg/players/12959-patrick-ricard/27-101012959/
Patrick Ricard,83,,Platinum Players,,,101112959,https://www.mut.gg/players/12959-patrick-ricard/27-101112959/
DeVonta Smith,83,,Core,,,101021761,https://www.mut.gg/players/21761-devonta-smith/27-101021761/
Tyler Smith,83,,Core,,,101022445,https://www.mut.gg/players/22445-tyler-smith/27-101022445/
Jonathan Taylor,83,,Core,,,101020928,https://www.mut.gg/players/20928-jonathan-taylor/27-101020928/
Zach Tom,83,,Core,,,101022434,https://www.mut.gg/players/22434-zach-tom/27-101022434/
Drue Tranquill,83,,Core,,,101020444,https://www.mut.gg/players/20444-drue-tranquill/27-101020444/
Laremy Tunsil,83,,Core,,,101017541,https://www.mut.gg/players/17541-laremy-tunsil/27-101017541/
Charvarius Ward Sr,83,,Core,,,101013507,https://www.mut.gg/players/13507-charvarius-ward/27-101013507/
Quinnen Williams,83,,Core,,,101020547,https://www.mut.gg/players/20547-quinnen-williams/27-101020547/
Darnell Wright,83,,Core,,,101022861,https://www.mut.gg/players/22861-darnell-wright/27-101022861/
Mansoor Delane,82,,Collectors Series,,,161101827,https://www.mut.gg/players/1827-mansoor-delane/27-161101827/
Caleb Downs,82,,Collectors Series,,,161116198,https://www.mut.gg/players/16198-caleb-downs/27-161116198/
Dennis Gardeck,82,,Collectors Series,,,161113610,https://www.mut.gg/players/13610-dennis-gardeck/27-161113610/
Colton McKivitz,82,,Collectors Series,,,161121115,https://www.mut.gg/players/21115-colton-mckivitz/27-161121115/
Aaron Rodgers,82,,Collectors Series,,,161126668,https://www.mut.gg/players/26668-aaron-rodgers/27-161126668/
Cam Skattebo,82,,Collectors Series,,,161114807,https://www.mut.gg/players/14807-cam-skattebo/27-161114807/
Xavier Watts,82,,Collectors Series,,,161115331,https://www.mut.gg/players/15331-xavier-watts/27-161115331/
Chase Young,82,,Collectors Series,,,161120985,https://www.mut.gg/players/20985-chase-young/27-161120985/
Dwight Freeney,82,,Legends,,,163114840,https://www.mut.gg/players/14840-dwight-freeney/27-163114840/
Derrick Johnson,82,,Legends,,,163126748,https://www.mut.gg/players/26748-derrick-johnson/27-163126748/
Ronnie Lott,82,,Legends,,,163111469,https://www.mut.gg/players/11469-ronnie-lott/27-163111469/
Gerald McCoy,82,,Legends,,,163109859,https://www.mut.gg/players/9859-gerald-mccoy/27-163109859/
Willie Anderson,82,,Legends,,,163100273,https://www.mut.gg/players/273-willie-anderson/27-163100273/
Martellus Bennett,82,,Legends,,,163128442,https://www.mut.gg/players/28442-martellus-bennett/27-163128442/
Marcel Reece,82,,Legends,,,163110020,https://www.mut.gg/players/10020-marcel-reece/27-163110020/
Marshal Yanda,82,,Legends,,,163128013,https://www.mut.gg/players/28013-marshal-yanda/27-163128013/
Reggie Bush,82,,Ranked,,,109527227,https://www.mut.gg/players/27227-reggie-bush/27-109527227/
Dante Fowler Jr,82,,Preseason Standouts,,,111002528,https://www.mut.gg/players/2528-dante-fowler-jr/27-111002528/
Sauce Gardner,82,,Ranked,,,109522260,https://www.mut.gg/players/22260-ahmad-gardner/27-109522260/
Javon Hargrave,82,,Preseason Standouts,,,111017670,https://www.mut.gg/players/17670-javon-hargrave/27-111017670/
Taron Johnson,82,,Preseason Standouts,,,111013348,https://www.mut.gg/players/13348-taron-johnson/27-111013348/
Isaiah Likely,82,,Preseason Standouts,,,111022092,https://www.mut.gg/players/22092-isaiah-likely/27-111022092/
Wan'Dale Robinson,82,,Preseason Standouts,,,111022368,https://www.mut.gg/players/22368-wandale-robinson/27-111022368/
Darnell Savage,82,,Preseason Standouts,,,111020458,https://www.mut.gg/players/20458-darnell-savage/27-111020458/
Christian Watson,82,,Ranked,,,109522373,https://www.mut.gg/players/22373-christian-watson/27-109522373/
Elijah Wilkinson,82,,Preseason Standouts,,,111013028,https://www.mut.gg/players/13028-elijah-wilkinson/27-111013028/
Mike Jackson,82,,Training Camp,,,107014924,https://www.mut.gg/players/20607-mike-jackson-sr/27-107014924/
Dillon Thieneman,82,,Rookie Premiere,,,108510193,https://www.mut.gg/players/10193-dillon-thieneman/27-108510193/
Jonathan Allen,82,,Core,,,101012521,https://www.mut.gg/players/12521-jonathan-allen/27-101012521/
Zach Allen,82,,Core,,,101020419,https://www.mut.gg/players/20419-zach-allen/27-101020419/
Mark Andrews,82,,Core,,,101013112,https://www.mut.gg/players/13112-mark-andrews/27-101013112/
Budda Baker,82,,Core,,,101012549,https://www.mut.gg/players/12549-budda-baker/27-101012549/
Tanor Bortolini,82,,Core,,,101014741,https://www.mut.gg/players/14741-tanor-bortolini/27-101014741/
A.J. Brown,82,,Core,,,101020495,https://www.mut.gg/players/20495-aj-brown/27-101020495/
Spencer Brown,82,,Core,,,101021649,https://www.mut.gg/players/21649-spencer-brown/27-101021649/
DeForest Buckner,82,,Core,,,101017542,https://www.mut.gg/players/17542-deforest-buckner/27-101017542/
Devin Bush,82,,Core,,,101020583,https://www.mut.gg/players/20583-devin-bush/27-101020583/
Kevin Byard III,82,,Core,,,101017752,https://www.mut.gg/players/17752-kevin-byard/27-101017752/
Jalen Carter,82,,Core,,,101022703,https://www.mut.gg/players/22703-jalen-carter/27-101022703/
Nico Collins,82,,Core,,,101021587,https://www.mut.gg/players/21587-nico-collins/27-101021587/
Cameron Dicker,82,,Core,,,101022392,https://www.mut.gg/players/22392-cameron-dicker/27-101022392/
Cameron Dicker,82,,Platinum Players,,,101122392,https://www.mut.gg/players/22392-cameron-dicker/27-101122392/
Landon Dickerson,82,,Core,,,101021642,https://www.mut.gg/players/21642-landon-dickerson/27-101021642/
Kevin Dotson,82,,Core,,,101021196,https://www.mut.gg/players/21196-kevin-dotson/27-101021196/
Nick Emmanwori,82,,Core,,,101015359,https://www.mut.gg/players/15359-nick-emmanwori/27-101015359/
Evan Engram,82,,Pregame Access,,,106012589,https://www.mut.gg/players/12589-evan-engram/27-106012589/
Ethan Evans,82,,Core,,,101023274,https://www.mut.gg/players/23274-ethan-evans/27-101023274/
Ethan Evans,82,,Platinum Players,,,101123274,https://www.mut.gg/players/23274-ethan-evans/27-101123274/
Zay Flowers,82,,Core,,,101022768,https://www.mut.gg/players/22768-zay-flowers/27-101022768/
Luke Goedeke,82,,Core,,,101022112,https://www.mut.gg/players/22112-luke-goedeke/27-101022112/
Dre Greenlaw,82,,Core,,,101020475,https://www.mut.gg/players/20475-dre-greenlaw/27-101020475/
Justin Herbert,82,,Core,,,101021034,https://www.mut.gg/players/21034-justin-herbert/27-101021034/
Tee Higgins,82,,Core,,,101020962,https://www.mut.gg/players/20962-tee-higgins/27-101020962/
Josh Hines-Allen,82,,Core,,,101020410,https://www.mut.gg/players/20410-josh-allen/27-101020410/
Malik Hooker,82,,Pregame Access,,,106012527,https://www.mut.gg/players/12527-malik-hooker/27-106012527/
Jaycee Horn,82,,Core,,,101021451,https://www.mut.gg/players/21451-jaycee-horn/27-101021451/
Talanoa Hufanga,82,,Core,,,101021488,https://www.mut.gg/players/21488-talanoa-hufanga/27-101021488/
Alec Ingold,82,,Core,,,101020390,https://www.mut.gg/players/20390-alec-ingold/27-101020390/
Josh Jacobs,82,,Core,,,101020488,https://www.mut.gg/players/20488-josh-jacobs/27-101020488/
Travis Kelce,82,,Core,,,101000890,https://www.mut.gg/players/890-travis-kelce/27-101000890/
Nate Landman,82,,Core,,,101022409,https://www.mut.gg/players/22409-nate-landman/27-101022409/
Harold Landry III,82,,Pregame Access,,,106013172,https://www.mut.gg/players/13172-harold-landry-iii/27-106013172/
Kamari Lassiter,82,,Core,,,101014929,https://www.mut.gg/players/14929-kamari-lassiter/27-101014929/
DeMarcus Lawrence,82,,Core,,,101011079,https://www.mut.gg/players/11079-demarcus-lawrence/27-101011079/
Damien Lewis,82,,Core,,,101021101,https://www.mut.gg/players/21101-damien-lewis/27-101021101/
Nnamdi Madubuike,82,,Core,,,101020982,https://www.mut.gg/players/20982-justin-madubuike/27-101020982/
Erik McCoy,82,,Core,,,101020437,https://www.mut.gg/players/20437-erik-mccoy/27-101020437/
Isaiah McDuffie,82,,Core,,,101021903,https://www.mut.gg/players/21903-isaiah-mcduffie/27-101021903/
Tetairoa McMillan,82,,Core,,,101015097,https://www.mut.gg/players/15097-tetairoa-mcmillan/27-101015097/
Morgan Moses,82,,Core,,,101012361,https://www.mut.gg/players/12361-morgan-moses/27-101012361/
Taylor Moton,82,,Core,,,101012636,https://www.mut.gg/players/12636-taylor-moton/27-101012636/
Chris Olave,82,,Core,,,101022072,https://www.mut.gg/players/22072-chris-olave/27-101022072/
Dak Prescott,82,,Core,,,101017567,https://www.mut.gg/players/17567-dak-prescott/27-101017567/
Patrick Queen,82,,Pregame Access,,,106020999,https://www.mut.gg/players/20999-patrick-queen/27-106020999/
Tate Ratledge,82,,Pregame Access,,,106015126,https://www.mut.gg/players/15126-tate-ratledge/27-106015126/
Will Reichard,82,,Core,,,101015004,https://www.mut.gg/players/15004-will-reichard/27-101015004/
Will Reichard,82,,Platinum Players,,,101115004,https://www.mut.gg/players/15004-will-reichard/27-101115004/
Luke Rhodes,82,,Core,,,101012504,https://www.mut.gg/players/12504-luke-rhodes/27-101012504/
Luke Rhodes,82,,Platinum Players,,,101112504,https://www.mut.gg/players/12504-luke-rhodes/27-101112504/
Calvin Ridley,82,,Pregame Access,,,106013113,https://www.mut.gg/players/13113-calvin-ridley/27-106013113/
Greg Rousseau,82,,Core,,,101021517,https://www.mut.gg/players/21517-gregory-rousseau/27-101021517/
JK Scott,82,,Core,,,101013436,https://www.mut.gg/players/13436-jk-scott/27-101013436/
JK Scott,82,,Platinum Players,,,101113436,https://www.mut.gg/players/13436-jk-scott/27-101113436/
Rashawn Slater,82,,Core,,,101021541,https://www.mut.gg/players/21541-rashawn-slater/27-101021541/
Harrison Smith,82,,Core,,,101011440,https://www.mut.gg/players/11440-harrison-smith/27-101011440/
Trey Smith,82,,Core,,,101021648,https://www.mut.gg/players/21648-trey-smith/27-101021648/
Courtland Sutton,82,,Core,,,101013087,https://www.mut.gg/players/13087-courtland-sutton/27-101013087/
A.J. Terrell Jr,82,,Core,,,101021002,https://www.mut.gg/players/21002-aj-terrell/27-101021002/
Andrew Thomas,82,,Core,,,101020964,https://www.mut.gg/players/20964-andrew-thomas/27-101020964/
Henry To'oTo'o,82,,Core,,,101022998,https://www.mut.gg/players/22998-henry-tootoo/27-101022998/
Kyren Williams,82,,Core,,,101022051,https://www.mut.gg/players/22051-kyren-williams/27-101022051/
Leonard Williams,82,,Core,,,101002527,https://www.mut.gg/players/2527-leonard-williams/27-101002527/
Zach Wood,82,,Core,,,101012979,https://www.mut.gg/players/12979-zach-wood/27-101012979/
Zach Wood,82,,Platinum Players,,,101112979,https://www.mut.gg/players/12979-zach-wood/27-101112979/
Tyler Booker,81,,Core,,,101015162,https://www.mut.gg/players/15162-tyler-booker/27-101015162/
Harrison Butker,81,,Platinum Players,,,101112863,https://www.mut.gg/players/12863-harrison-butker/27-101112863/
Harrison Butker,81,,Core,,,101012863,https://www.mut.gg/players/12863-harrison-butker/27-101012863/
Leo Chenal,81,,Core,,,101022458,https://www.mut.gg/players/22458-leo-chenal/27-101022458/
Jonathon Cooper,81,,Core,,,101021684,https://www.mut.gg/players/21684-jonathon-cooper/27-101021684/
Sam Cosmi,81,,Core,,,101021533,https://www.mut.gg/players/21533-samuel-cosmi/27-101021533/
Kamren Curl,81,,Core,,,101021012,https://www.mut.gg/players/21012-kamren-curl/27-101021012/
Carlton Davis III,81,,Core,,,101013171,https://www.mut.gg/players/13171-carlton-davis-iii/27-101013171/
Jamel Dean,81,,Core,,,101020703,https://www.mut.gg/players/20703-jamel-dean/27-101020703/
Kaden Elliss,81,,Core,,,101020749,https://www.mut.gg/players/20749-kaden-elliss/27-101020749/
Travis Etienne Jr,81,,Core,,,101021721,https://www.mut.gg/players/21721-travis-etienne/27-101021721/
Ka'imi Fairbairn,81,,Core,,,101017759,https://www.mut.gg/players/17759-kaimi-fairbairn/27-101017759/
Ka'imi Fairbairn,81,,Platinum Players,,,101117759,https://www.mut.gg/players/17759-kaimi-fairbairn/27-101117759/
Zach Frazier,81,,Core,,,101014706,https://www.mut.gg/players/14706-zach-frazier/27-101014706/
Hjalte Froholdt,81,,Core,,,101020377,https://www.mut.gg/players/20377-hjalte-froholdt/27-101020377/
Dennis Gardeck,81,,Core,,,101013610,https://www.mut.gg/players/13610-dennis-gardeck/27-101013610/
Rashan Gary,81,,Core,,,101020551,https://www.mut.gg/players/20551-rashan-gary/27-101020551/
Reggie Gilliam,81,,Platinum Players,,,101121398,https://www.mut.gg/players/21398-reggie-gilliam/27-101121398/
Reggie Gilliam,81,,Core,,,101021398,https://www.mut.gg/players/21398-reggie-gilliam/27-101021398/
Dallas Goedert,81,,Core,,,101013128,https://www.mut.gg/players/13128-dallas-goedert/27-101013128/
Jared Goff,81,,Core,,,101017540,https://www.mut.gg/players/17540-jared-goff/27-101017540/
Breece Hall,81,,Core,,,101022326,https://www.mut.gg/players/22326-breece-hall/27-101022326/
Alex Highsmith,81,,Core,,,101021234,https://www.mut.gg/players/21234-alex-highsmith/27-101021234/
Alec Ingold,81,,Platinum Players,,,101120390,https://www.mut.gg/players/20390-alec-ingold/27-101120390/
J.J. Jansen,81,,Core,,,101010539,https://www.mut.gg/players/10539-jj-jansen/27-101010539/
J.J. Jansen,81,,Platinum Players,,,101110539,https://www.mut.gg/players/10539-jj-jansen/27-101110539/
Elgton Jenkins,81,,Core,,,101020376,https://www.mut.gg/players/20376-elgton-jenkins/27-101020376/
Ernest Jones IV,81,,Core,,,101021921,https://www.mut.gg/players/21921-ernest-jones/27-101021921/
Quentin Lake,81,,Core,,,101022243,https://www.mut.gg/players/22243-quentin-lake/27-101022243/
Sam LaPorta,81,,Core,,,101022826,https://www.mut.gg/players/22826-sam-laporta/27-101022826/
Laiatu Latu,81,,Core,,,101014750,https://www.mut.gg/players/14750-laiatu-latu/27-101014750/
Julian Love,81,,Core,,,101020602,https://www.mut.gg/players/20602-julian-love/27-101020602/
Abraham Lucas,81,,Core,,,101022105,https://www.mut.gg/players/22105-abraham-lucas/27-101022105/
Khalil Mack,81,,Core,,,101012344,https://www.mut.gg/players/12344-khalil-mack/27-101012344/
Jordan Mailata,81,,Core,,,101013479,https://www.mut.gg/players/13479-jordan-mailata/27-101013479/
Evan McPherson,81,,Core,,,101021925,https://www.mut.gg/players/21925-evan-mcpherson/27-101021925/
Evan McPherson,81,,Platinum Players,,,101121925,https://www.mut.gg/players/21925-evan-mcpherson/27-101121925/
Armand Membou,81,,Core,,,101015159,https://www.mut.gg/players/15159-armand-membou/27-101015159/
Kolton Miller,81,,Core,,,101013098,https://www.mut.gg/players/13098-kolton-miller/27-101013098/
Kenny Moore II,81,,Core,,,101012965,https://www.mut.gg/players/12965-kenny-moore-ii/27-101012965/
Byron Murphy II,81,,Core,,,101014758,https://www.mut.gg/players/14758-byron-murphy-ii/27-101014758/
Byron Murphy Jr,81,,Core,,,101020599,https://www.mut.gg/players/20599-byron-murphy-jr/27-101020599/
Malik Nabers,81,,Core,,,101014644,https://www.mut.gg/players/14644-malik-nabers/27-101014644/
Foyesade Oluokun,81,,Core,,,101013468,https://www.mut.gg/players/13468-foyesade-oluokun/27-101013468/
Mike Onwenu,81,,Core,,,101021205,https://www.mut.gg/players/21205-michael-onwenu/27-101021205/
Robbie Ouzts,81,,Core,,,101015109,https://www.mut.gg/players/15109-robbie-ouzts/27-101015109/
Robbie Ouzts,81,,Platinum Players,,,101115109,https://www.mut.gg/players/15109-robbie-ouzts/27-101115109/
Jalen Pitre,81,,Core,,,101022230,https://www.mut.gg/players/22230-jalen-pitre/27-101022230/
Joey Porter,81,,Core,,,101022706,https://www.mut.gg/players/22706-joey-porter-jr/27-101022706/
Rashee Rice,81,,Core,,,101022765,https://www.mut.gg/players/22765-rashee-rice/27-101022765/
Malcolm Rodriguez,81,,Core,,,101022460,https://www.mut.gg/players/22460-malcolm-rodriguez/27-101022460/
Carson Schwesinger,81,,Core,,,101015266,https://www.mut.gg/players/15266-carson-schwesinger/27-101015266/
Isaac Seumalo,81,,Core,,,101017776,https://www.mut.gg/players/17776-isaac-seumalo/27-101017776/
Alex Singleton,81,,Core,,,101020881,https://www.mut.gg/players/20881-alex-singleton/27-101020881/
Peter Skoronski,81,,Core,,,101022698,https://www.mut.gg/players/22698-peter-skoronski/27-101022698/
Nolan Smith Jr,81,,Core,,,101022700,https://www.mut.gg/players/22700-nolan-smith/27-101022700/
Robert Spillane,81,,Core,,,101013875,https://www.mut.gg/players/13875-robert-spillane/27-101013875/
Jalen Thompson,81,,Core,,,101020813,https://www.mut.gg/players/20813-jalen-thompson/27-101020813/
Kobie Turner,81,,Core,,,101022933,https://www.mut.gg/players/22933-kobie-turner/27-101022933/
Alijah Vera-Tucker,81,,Core,,,101021552,https://www.mut.gg/players/21552-alijah-vera-tucker/27-101021552/
Jaylen Waddle,81,,Core,,,101021760,https://www.mut.gg/players/21760-jaylen-waddle/27-101021760/
Caleb Williams,81,,Core,,,101014500,https://www.mut.gg/players/14500-caleb-williams/27-101014500/
Caleb Williams,81,,Pre-Order,,,108011215,https://www.mut.gg/players/14500-caleb-williams/27-108011215/
Javonte Williams,81,,Core,,,101021581,https://www.mut.gg/players/21581-javonte-williams/27-101021581/
Milton Williams,81,,Core,,,101021920,https://www.mut.gg/players/21920-milton-williams/27-101021920/
Garrett Wilson,81,,Core,,,101022376,https://www.mut.gg/players/22376-garrett-wilson/27-101022376/
Craig Woodson,81,,Core,,,101015346,https://www.mut.gg/players/15346-craig-woodson/27-101015346/
Mansoor Delane,80,,Collectors Series,,,161201827,https://www.mut.gg/players/1827-mansoor-delane/27-161201827/
Caleb Downs,80,,Collectors Series,,,161216198,https://www.mut.gg/players/16198-caleb-downs/27-161216198/
Dennis Gardeck,80,,Collectors Series,,,161213610,https://www.mut.gg/players/13610-dennis-gardeck/27-161213610/
Colton McKivitz,80,,Collectors Series,,,161221115,https://www.mut.gg/players/21115-colton-mckivitz/27-161221115/
Aaron Rodgers,80,,Collectors Series,,,161226668,https://www.mut.gg/players/26668-aaron-rodgers/27-161226668/
Cam Skattebo,80,,Collectors Series,,,161214807,https://www.mut.gg/players/14807-cam-skattebo/27-161214807/
Xavier Watts,80,,Collectors Series,,,161215331,https://www.mut.gg/players/15331-xavier-watts/27-161215331/
Chase Young,80,,Collectors Series,,,161220985,https://www.mut.gg/players/20985-chase-young/27-161220985/
Dwight Freeney,80,,Legends,,,163214840,https://www.mut.gg/players/14840-dwight-freeney/27-163214840/
Derrick Johnson,80,,Legends,,,163226748,https://www.mut.gg/players/26748-derrick-johnson/27-163226748/
Ronnie Lott,80,,Legends,,,163211469,https://www.mut.gg/players/11469-ronnie-lott/27-163211469/
Gerald McCoy,80,,Legends,,,163209859,https://www.mut.gg/players/9859-gerald-mccoy/27-163209859/
Willie Anderson,80,,Legends,,,163200273,https://www.mut.gg/players/273-willie-anderson/27-163200273/
Martellus Bennett,80,,Legends,,,163228442,https://www.mut.gg/players/28442-martellus-bennett/27-163228442/
Marcel Reece,80,,Legends,,,163210020,https://www.mut.gg/players/10020-marcel-reece/27-163210020/
Marshal Yanda,80,,Legends,,,163228013,https://www.mut.gg/players/28013-marshal-yanda/27-163228013/
Reggie Bush,80,,Ranked,,,109627227,https://www.mut.gg/players/27227-reggie-bush/27-109627227/
Kyle Dugger,80,,Preseason Standouts,,,111021161,https://www.mut.gg/players/21161-kyle-dugger/27-111021161/
David Edwards,80,,Preseason Standouts,,,111020532,https://www.mut.gg/players/20532-david-edwards/27-111020532/
Sauce Gardner,80,,Ranked,,,109622260,https://www.mut.gg/players/22260-ahmad-gardner/27-109622260/
Austin Hooper,80,,Preseason Standouts,,,111017645,https://www.mut.gg/players/17645-austin-hooper/27-111017645/
Azeez Ojulari,80,,Preseason Standouts,,,111021509,https://www.mut.gg/players/21509-azeez-ojulari/27-111021509/
Christian Watson,80,,Ranked,,,109622373,https://www.mut.gg/players/22373-christian-watson/27-109622373/
Nick Westbrook-Ikhine,80,,Preseason Standouts,,,111021067,https://www.mut.gg/players/21067-nick-westbrook-ikhine/27-111021067/
Chase Brown,80,,Training Camp,,,107022740,https://www.mut.gg/players/22740-chase-brown/27-107022740/
Calais Campbell,80,,Season 1,,,110028363,https://www.mut.gg/players/28363-calais-campbell/27-110028363/
Tremaine Edmunds,80,,Season 1,,,110013119,https://www.mut.gg/players/13119-tremaine-edmunds/27-110013119/
Tyler Linderbaum,80,,Season 1,,,110022274,https://www.mut.gg/players/22274-tyler-linderbaum/27-110022274/
Michael Pittman,80,,Season 1,,,110021081,https://www.mut.gg/players/21081-michael-pittman-jr/27-110021081/
Jalen Thompson,80,,Season 1,,,110020813,https://www.mut.gg/players/20813-jalen-thompson/27-110020813/
De'Von Achane,80,,Pre-Order,,,108022692,https://www.mut.gg/players/22692-devon-achane/27-108022692/
Azeez Al-Shaair,80,,Core,,,101020688,https://www.mut.gg/players/20688-azeez-al-shaair/27-101020688/
Bryan Anger,80,,Platinum Players,,,101111594,https://www.mut.gg/players/11594-bryan-anger/27-101111594/
Bryan Anger,80,,Core,,,101011594,https://www.mut.gg/players/11594-bryan-anger/27-101011594/
Chidobe Awuzie,80,,Core,,,101012587,https://www.mut.gg/players/12587-chidobe-awuzie/27-101012587/
Christian Benford,80,,Core,,,101022487,https://www.mut.gg/players/22487-christian-benford/27-101022487/
Terrel Bernard,80,,Core,,,101022192,https://www.mut.gg/players/22192-terrel-bernard/27-101022192/
Tyler Biadasz,80,,Core,,,101020979,https://www.mut.gg/players/20979-tyler-biadasz/27-101020979/
DaRon Bland,80,,Core,,,101022485,https://www.mut.gg/players/22485-daron-bland/27-101022485/
Nick Bolton,80,,Pre-Order,,,108021474,https://www.mut.gg/players/21474-nick-bolton/27-108021474/
Nick Bolton,80,,Core,,,101021474,https://www.mut.gg/players/21474-nick-bolton/27-101021474/
Brock Bowers,80,,Pre-Order,,,108014678,https://www.mut.gg/players/14678-brock-bowers/27-108014678/
Jaquan Brisker,80,,Core,,,101022228,https://www.mut.gg/players/22228-jaquan-brisker/27-101022228/
Jordyn Brooks,80,,Core,,,101021316,https://www.mut.gg/players/21316-jordyn-brooks/27-101021316/
Calen Bullock,80,,Core,,,101014939,https://www.mut.gg/players/14939-calen-bullock/27-101014939/
Joe Burrow,80,,Pre-Order,,,108020948,https://www.mut.gg/players/20948-joe-burrow/27-108020948/
Camryn Bynum,80,,Core,,,101021447,https://www.mut.gg/players/21447-camryn-bynum/27-101021447/
Kam Chancellor,80,,Season 1,,,108009964,https://www.mut.gg/players/9964-kam-chancellor/27-108009964/
Claudin Cherelus,80,,Core,,,101023343,https://www.mut.gg/players/23343-claudin-cherelus/27-101023343/
Jeremy Chinn,80,,Core,,,101021151,https://www.mut.gg/players/21151-jeremy-chinn/27-101021151/
Ezra Cleveland,80,,Core,,,101020966,https://www.mut.gg/players/20966-ezra-cleveland/27-101020966/
Nick Cross,80,,Core,,,101022398,https://www.mut.gg/players/22398-nick-cross/27-101022398/
Jayden Daniels,80,,Pre-Order,,,108014579,https://www.mut.gg/players/14579-jayden-daniels/27-108014579/
Christian Darrisaw,80,,Core,,,101021534,https://www.mut.gg/players/21534-christian-darrisaw/27-101021534/
Dion Dawkins,80,,Core,,,101012622,https://www.mut.gg/players/12622-dion-dawkins/27-101012622/
Divine Deablo,80,,Core,,,101021667,https://www.mut.gg/players/21667-divine-deablo/27-101021667/
Cooper DeJean,80,,Pre-Order,,,108014923,https://www.mut.gg/players/14923-cooper-dejean/27-108014923/
Grant Delpit,80,,Core,,,101021019,https://www.mut.gg/players/21019-grant-delpit/27-101021019/
Rico Dowdle,80,,Core,,,101021039,https://www.mut.gg/players/21039-rico-dowdle/27-101021039/
Tremaine Edmunds,80,,Core,,,101013119,https://www.mut.gg/players/13119-tremaine-edmunds/27-101013119/
T.J. Edwards,80,,Core,,,101020591,https://www.mut.gg/players/20591-tj-edwards/27-101020591/
Jake Elliott,80,,Platinum Players,,,101112809,https://www.mut.gg/players/12809-jake-elliott/27-101112809/
Jake Elliott,80,,Core,,,101012809,https://www.mut.gg/players/12809-jake-elliott/27-101012809/
Poona Ford,80,,Core,,,101013199,https://www.mut.gg/players/13199-poona-ford/27-101013199/
Jack Fox,80,,Platinum Players,,,101120716,https://www.mut.gg/players/20716-jack-fox/27-101120716/
Jack Fox,80,,Core,,,101020716,https://www.mut.gg/players/20716-jack-fox/27-101020716/
Sauce Gardner,80,,Pre-Order,,,108022260,https://www.mut.gg/players/22260-ahmad-gardner/27-108022260/
Willie Gay Jr,80,,Core,,,101021001,https://www.mut.gg/players/21001-willie-gay-jr/27-101021001/
Christian Gonzalez,80,,Pre-Order,,,108023026,https://www.mut.gg/players/23026-christian-gonzalez/27-108023026/
Kyler Gordon,80,,Core,,,101022261,https://www.mut.gg/players/22261-kyler-gordon/27-101022261/
Cedric Gray,80,,Pre-Order,,,108014909,https://www.mut.gg/players/14909-cedric-gray/27-108014909/
Jonathan Greenard,80,,Core,,,101021131,https://www.mut.gg/players/21131-jonathan-greenard/27-101021131/
Kyle Hamilton,80,,Pre-Order,,,108022226,https://www.mut.gg/players/22226-kyle-hamilton/27-108022226/
Hogan Hatten,80,,Platinum Players,,,101101334,https://www.mut.gg/players/1334-hogan-hatten/27-101101334/
Hogan Hatten,80,,Core,,,101001334,https://www.mut.gg/players/1334-hogan-hatten/27-101001334/
Daiyan Henley,80,,Core,,,101023000,https://www.mut.gg/players/23000-daiyan-henley/27-101023000/
Hunter Henry,80,,Core,,,101017643,https://www.mut.gg/players/17643-hunter-henry/27-101017643/
Jevon Holland,80,,Core,,,101021470,https://www.mut.gg/players/21470-jevon-holland/27-101021470/
Marlon Humphrey,80,,Core,,,101012544,https://www.mut.gg/players/12544-marlon-humphrey/27-101012544/
Robert Hunt,80,,Core,,,101021291,https://www.mut.gg/players/21291-robert-hunt/27-101021291/
Bucky Irving,80,,Core,,,101014624,https://www.mut.gg/players/14624-bucky-irving/27-101014624/
Derwin James Jr,80,,Pre-Order,,,108013080,https://www.mut.gg/players/13080-derwin-james-jr/27-108013080/
Ashton Jeanty,80,,Core,,,101014793,https://www.mut.gg/players/14793-ashton-jeanty/27-101014793/
Justin Jefferson,80,,Pre-Order,,,108020961,https://www.mut.gg/players/20961-justin-jefferson/27-108020961/
Antonio Johnson,80,,Core,,,101022709,https://www.mut.gg/players/22709-antonio-johnson/27-101022709/
Taron Johnson,80,,Core,,,101013348,https://www.mut.gg/players/13348-taron-johnson/27-101013348/
Brandon Jones,80,,Core,,,101021267,https://www.mut.gg/players/21267-brandon-jones/27-101021267/
Jarrian Jones,80,,Pre-Order,,,108014956,https://www.mut.gg/players/14956-jarrian-jones/27-108014956/
George Karlaftis,80,,Core,,,101022140,https://www.mut.gg/players/22140-george-karlaftis/27-101022140/
Kamren Kinchens,80,,Pre-Order,,,108014935,https://www.mut.gg/players/14935-kamren-kinchens/27-108014935/
Kamren Kinchens,80,,Core,,,101014935,https://www.mut.gg/players/14935-kamren-kinchens/27-101014935/
Tucker Kraft,80,,Core,,,101022828,https://www.mut.gg/players/22828-tucker-kraft/27-101022828/
Tucker Kraft,80,,Pre-Order,,,108022828,https://www.mut.gg/players/22828-tucker-kraft/27-108022828/
Cooper Kupp,80,,Core,,,101012558,https://www.mut.gg/players/12558-cooper-kupp/27-101012558/
Jourdan Lewis,80,,Core,,,101012555,https://www.mut.gg/players/12555-jourdan-lewis/27-101012555/
Cam Little,80,,Platinum Players,,,101115006,https://www.mut.gg/players/15006-cam-little/27-101115006/
Cam Little,80,,Core,,,101015006,https://www.mut.gg/players/15006-cam-little/27-101015006/
Drake London,80,,Pre-Order,,,108022068,https://www.mut.gg/players/22068-drake-london/27-108022068/
Tyler Loop,80,,Core,,,101015363,https://www.mut.gg/players/15363-tyler-loop/27-101015363/
Tyler Loop,80,,Platinum Players,,,101115363,https://www.mut.gg/players/15363-tyler-loop/27-101115363/
Jordan Love,80,,Core,,,101020915,https://www.mut.gg/players/20915-jordan-love/27-101020915/
Colston Loveland,80,,Core,,,101015117,https://www.mut.gg/players/15117-colston-loveland/27-101015117/
Wil Lutz,80,,Platinum Players,,,101112405,https://www.mut.gg/players/12405-wil-lutz/27-101112405/
Wil Lutz,80,,Core,,,101012405,https://www.mut.gg/players/12405-wil-lutz/27-101012405/
Braden Mann,80,,Platinum Players,,,101121171,https://www.mut.gg/players/21171-braden-mann/27-101121171/
Braden Mann,80,,Core,,,101021171,https://www.mut.gg/players/21171-braden-mann/27-101021171/
Jake Matthews,80,,Core,,,101012349,https://www.mut.gg/players/12349-jake-matthews/27-101012349/
Baker Mayfield,80,,Core,,,101013117,https://www.mut.gg/players/13117-baker-mayfield/27-101013117/
Trey McBride,80,,Pre-Order,,,108022093,https://www.mut.gg/players/22093-trey-mcbride/27-108022093/
Christian McCaffrey,80,,Pre-Order,,,108012556,https://www.mut.gg/players/12556-christian-mccaffrey/27-108012556/
Ladd McConkey,80,,Core,,,101014651,https://www.mut.gg/players/14651-ladd-mcconkey/27-101014651/
Mike McGlinchey,80,,Core,,,101013116,https://www.mut.gg/players/13116-mike-mcglinchey/27-101013116/
Connor McGovern,80,,Core,,,101020665,https://www.mut.gg/players/20665-connor-mcgovern/27-101020665/
Colton McKivitz,80,,Core,,,101021115,https://www.mut.gg/players/21115-colton-mckivitz/27-101021115/
Tetairoa McMillan,80,,Pre-Order,,,108015097,https://www.mut.gg/players/15097-tetairoa-mcmillan/27-108015097/
Ja'Quan McMillian,80,,Pre-Order,,,108022267,https://www.mut.gg/players/22267-jaquan-mcmillian/27-108022267/
Alim McNeill,80,,Core,,,101021522,https://www.mut.gg/players/21522-alim-mcneill/27-101021522/
DK Metcalf,80,,Pre-Order,,,108020353,https://www.mut.gg/players/20353-dk-metcalf/27-108020353/
DK Metcalf,80,,Core,,,101020353,https://www.mut.gg/players/20353-dk-metcalf/27-101020353/
Josh Metellus,80,,Core,,,101021155,https://www.mut.gg/players/21155-josh-metellus/27-101021155/
DJ Moore,80,,Core,,,101013184,https://www.mut.gg/players/13184-dj-moore/27-101013184/
Ryan Neuzil,80,,Core,,,101021846,https://www.mut.gg/players/21846-ryan-neuzil/27-101021846/
Odafe Oweh,80,,Core,,,101021511,https://www.mut.gg/players/21511-jayson-oweh/27-101021511/
Jeremiah Owusu-Koramoah,80,,Core,,,101021500,https://www.mut.gg/players/21500-jeremiah-owusu-koramoah/27-101021500/
Daron Payne,80,,Core,,,101013104,https://www.mut.gg/players/13104-daron-payne/27-101013104/
George Pickens,80,,Pre-Order,,,108022365,https://www.mut.gg/players/22365-george-pickens/27-108022365/
Alec Pierce,80,,Core,,,101022085,https://www.mut.gg/players/22085-alec-pierce/27-101022085/
Germaine Pratt,80,,Core,,,101020424,https://www.mut.gg/players/20424-germaine-pratt/27-101020424/
Dominick Puni,80,,Core,,,101014713,https://www.mut.gg/players/14713-dominick-puni/27-101014713/
Brock Purdy,80,,Core,,,101022383,https://www.mut.gg/players/22383-brock-purdy/27-101022383/
Patrick Queen,80,,Core,,,101020999,https://www.mut.gg/players/20999-patrick-queen/27-101020999/
D.J. Reader,80,,Core,,,101017746,https://www.mut.gg/players/17746-dj-reader/27-101017746/
D.J. Reed,80,,Core,,,101013159,https://www.mut.gg/players/13159-dj-reed-jr/27-101013159/
Justin Reid,80,,Core,,,101013167,https://www.mut.gg/players/13167-justin-reid/27-101013167/
Cairo Santos,80,,Platinum Players,,,101102200,https://www.mut.gg/players/2200-cairo-santos/27-101102200/
Cairo Santos,80,,Core,,,101002200,https://www.mut.gg/players/2200-cairo-santos/27-101002200/
Coleman Shelton,80,,Core,,,101013195,https://www.mut.gg/players/13195-coleman-shelton/27-101013195/
Tyler Shough,80,,Pre-Order,,,108014788,https://www.mut.gg/players/14788-tyler-shough/27-108014788/
Zach Sieler,80,,Core,,,101013481,https://www.mut.gg/players/13481-zach-sieler/27-101013481/
John Simpson,80,,Core,,,101021103,https://www.mut.gg/players/21103-john-simpson/27-101021103/
Cam Skattebo,80,,Pre-Order,,,108014807,https://www.mut.gg/players/14807-cam-skattebo/27-108014807/
Braden Smith,80,,Core,,,101013124,https://www.mut.gg/players/13124-braden-smith/27-101013124/
Jaxon Smith-Njigba,80,,Pre-Order,,,108022694,https://www.mut.gg/players/22694-jaxon-smith-njigba/27-108022694/
Amon-Ra St. Brown,80,,Pre-Order,,,108021606,https://www.mut.gg/players/21606-amon-ra-st-brown/27-108021606/
Tyrique Stevenson,80,,Pre-Order,,,108023038,https://www.mut.gg/players/23038-tyrique-stevenson/27-108023038/
Grover Stewart,80,,Core,,,101012835,https://www.mut.gg/players/12835-grover-stewart/27-101012835/
C.J. Stroud,80,,Pre-Order,,,108022688,https://www.mut.gg/players/22688-cj-stroud/27-108022688/
Josh Sweat,80,,Core,,,101013259,https://www.mut.gg/players/13259-josh-sweat/27-101013259/
Montez Sweat,80,,Core,,,101020411,https://www.mut.gg/players/20411-montez-sweat/27-101020411/
D'Andre Swift,80,,Core,,,101020920,https://www.mut.gg/players/20920-dandre-swift/27-101020920/
DJ Turner II,80,,Core,,,101023031,https://www.mut.gg/players/23031-dj-turner/27-101023031/
Vita Vea,80,,Pre-Order,,,108013091,https://www.mut.gg/players/13091-vita-vea/27-108013091/
Jared Verse,80,,Pre-Order,,,108012520,https://www.mut.gg/players/14752-jared-verse/27-108012520/
Travon Walker,80,,Core,,,101022305,https://www.mut.gg/players/22305-travon-walker/27-101022305/
Jack Westover,80,,Platinum Players,,,101104728,https://www.mut.gg/players/4728-jack-westover/27-101104728/
Jack Westover,80,,Core,,,101004728,https://www.mut.gg/players/4728-jack-westover/27-101004728/
Dorian Williams,80,,Pre-Order,,,108023015,https://www.mut.gg/players/23015-dorian-williams/27-108023015/
Jameson Williams,80,,Core,,,101022375,https://www.mut.gg/players/22375-jameson-williams/27-101022375/
Garrett Wilson,80,,Pre-Order,,,108022376,https://www.mut.gg/players/22376-garrett-wilson/27-108022376/
James Winchester,80,,Core,,,101002725,https://www.mut.gg/players/2725-james-winchester/27-101002725/
James Winchester,80,,Platinum Players,,,101102725,https://www.mut.gg/players/2725-james-winchester/27-101102725/
Byron Young,80,,Core,,,101022938,https://www.mut.gg/players/22938-byron-young/27-101022938/
Chase Young,80,,Core,,,101020985,https://www.mut.gg/players/20985-chase-young/27-101020985/
Jordan Addison,79,,Core,,,101022693,https://www.mut.gg/players/22693-jordan-addison/27-101022693/
Keenan Allen,79,,Core,,,101000505,https://www.mut.gg/players/505-keenan-allen/27-101000505/
Alex Anzalone,79,,Core,,,101012613,https://www.mut.gg/players/12613-alex-anzalone/27-101012613/
Dorance Armstrong,79,,Core,,,101013244,https://www.mut.gg/players/13244-dorance-armstrong/27-101013244/
Steve Avila,79,,Core,,,101022859,https://www.mut.gg/players/22859-steve-avila/27-101022859/
Jake Bailey,79,,Platinum Players,,,101120480,https://www.mut.gg/players/20480-jake-bailey/27-101120480/
Jake Bailey,79,,Core,,,101020480,https://www.mut.gg/players/20480-jake-bailey/27-101020480/
Graham Barton,79,,Core,,,101014703,https://www.mut.gg/players/14703-graham-barton/27-101014703/
JD Bertrand,79,,Core,,,101014915,https://www.mut.gg/players/14915-jd-bertrand/27-101014915/
Cole Bishop,79,,Core,,,101014958,https://www.mut.gg/players/14958-cole-bishop/27-101014958/
Reed Blankenship,79,,Core,,,101021792,https://www.mut.gg/players/21792-reed-blankenship/27-101021792/
Garrett Bradbury,79,,Core,,,101020372,https://www.mut.gg/players/20372-garrett-bradbury/27-101020372/
Chase Brown,79,,Core,,,101022740,https://www.mut.gg/players/22740-chase-brown/27-101022740/
Calais Campbell,79,,Core,,,101028363,https://www.mut.gg/players/28363-calais-campbell/27-101028363/
Jihaad Campbell,79,,Core,,,101015268,https://www.mut.gg/players/15268-jihaad-campbell/27-101015268/
Daniel Carlson,79,,Core,,,101013382,https://www.mut.gg/players/13382-daniel-carlson/27-101013382/
Daniel Carlson,79,,Platinum Players,,,101113382,https://www.mut.gg/players/13382-daniel-carlson/27-101113382/
Abdul Carter,79,,Core,,,101015198,https://www.mut.gg/players/15198-abdul-carter/27-101015198/
Blake Cashman,79,,Pregame Access,,,106020693,https://www.mut.gg/players/20693-blake-cashman/27-106020693/
Blake Cashman,79,,Core,,,101020693,https://www.mut.gg/players/20693-blake-cashman/27-101020693/
Zach Charbonnet,79,,Core,,,101022732,https://www.mut.gg/players/22732-zach-charbonnet/27-101022732/
A.J. Cole,79,,Platinum Players,,,101120821,https://www.mut.gg/players/20821-aj-cole-iii/27-101120821/
A.J. Cole,79,,Core,,,101020821,https://www.mut.gg/players/20821-aj-cole-iii/27-101020821/
Bryan Cook,79,,Core,,,101022234,https://www.mut.gg/players/22234-bryan-cook/27-101022234/
Edgerrin Cooper,79,,Core,,,101014902,https://www.mut.gg/players/14902-edgerrin-cooper/27-101014902/
Jeremy Crawshaw,79,,Platinum Players,,,101115367,https://www.mut.gg/players/15367-jeremy-crawshaw/27-101115367/
Jeremy Crawshaw,79,,Core,,,101015367,https://www.mut.gg/players/15367-jeremy-crawshaw/27-101015367/
Jordan Davis,79,,Core,,,101022164,https://www.mut.gg/players/22164-jordan-davis/27-101022164/
J.K. Dobbins,79,,Core,,,101020926,https://www.mut.gg/players/20926-jk-dobbins/27-101020926/
David Edwards,79,,Core,,,101020532,https://www.mut.gg/players/20532-david-edwards/27-101020532/
DeShon Elliott,79,,Core,,,101013154,https://www.mut.gg/players/13154-deshon-elliott/27-101013154/
Jermaine Eluemunor,79,,Core,,,101012600,https://www.mut.gg/players/12600-jermaine-eluemunor/27-101012600/
Dylan Fairchild,79,,Pregame Access,,,106015168,https://www.mut.gg/players/15168-dylan-fairchild/27-106015168/
Jake Ferguson,79,,Core,,,101022094,https://www.mut.gg/players/22094-jake-ferguson/27-101022094/
Zaire Franklin,79,,Core,,,101013480,https://www.mut.gg/players/13480-zaire-franklin/27-101013480/
John Franklin-Myers,79,,Core,,,101013356,https://www.mut.gg/players/13356-john-franklin-myers/27-101013356/
Will Fries,79,,Core,,,101021831,https://www.mut.gg/players/21831-will-fries/27-101021831/
Alohi Gilman,79,,Core,,,101021016,https://www.mut.gg/players/21016-alohi-gilman/27-101021016/
Chris Godwin Jr,79,,Core,,,101012614,https://www.mut.gg/players/12614-chris-godwin/27-101012614/
Thomas Hennessy,79,,Platinum Players,,,101112908,https://www.mut.gg/players/12908-thomas-hennessy/27-101112908/
Thomas Hennessy,79,,Core,,,101012908,https://www.mut.gg/players/12908-thomas-hennessy/27-101012908/
T.J. Hockenson,79,,Core,,,101020518,https://www.mut.gg/players/20518-tj-hockenson/27-101020518/
Tytus Howard,79,,Core,,,101020397,https://www.mut.gg/players/20397-tytus-howard/27-101020397/
Travis Hunter,79,,Core,,,101015101,https://www.mut.gg/players/15101-travis-hunter/27-101015101/
Jalen Hurts,79,,Core,,,101021033,https://www.mut.gg/players/21033-jalen-hurts/27-101021033/
Austin Jackson,79,,Pregame Access,,,106020965,https://www.mut.gg/players/20965-austin-jackson/27-106020965/
Donte Jackson,79,,Core,,,101013169,https://www.mut.gg/players/13169-donte-jackson/27-101013169/
Grady Jarrett,79,,Core,,,101002549,https://www.mut.gg/players/2549-grady-jarrett/27-101002549/
Tony Jefferson,79,,Core,,,101009879,https://www.mut.gg/players/9879-tony-jefferson-ii/27-101009879/
Paris Johnson Jr,79,,Core,,,101022699,https://www.mut.gg/players/22699-paris-johnson-jr/27-101022699/
Daniel Jones,79,,Core,,,101020427,https://www.mut.gg/players/20427-daniel-jones/27-101020427/
Marcus Jones,79,,Core,,,101022224,https://www.mut.gg/players/22224-marcus-jones/27-101022224/
Cameron Jordan,79,,Core,,,101010697,https://www.mut.gg/players/10697-cameron-jordan/27-101010697/
Quinshon Judkins,79,,Core,,,101014811,https://www.mut.gg/players/14811-quinshon-judkins/27-101014811/
Cam Jurgens,79,,Core,,,101022273,https://www.mut.gg/players/22273-cam-jurgens/27-101022273/
Dalton Kincaid,79,,Core,,,101022823,https://www.mut.gg/players/22823-dalton-kincaid/27-101022823/
Harold Landry III,79,,Core,,,101013172,https://www.mut.gg/players/13172-harold-landry-iii/27-101013172/
JC Latham,79,,Core,,,101014697,https://www.mut.gg/players/14697-jc-latham/27-101014697/
Trevor Lawrence,79,,Core,,,101021553,https://www.mut.gg/players/21553-trevor-lawrence/27-101021553/
Deommodore Lenoir,79,,Core,,,101021454,https://www.mut.gg/players/21454-deommodore-lenoir/27-101021454/
Hunter Luepke,79,,Core,,,101022755,https://www.mut.gg/players/22755-hunter-luepke/27-101022755/
Hunter Luepke,79,,Platinum Players,,,101122755,https://www.mut.gg/players/22755-hunter-luepke/27-101122755/
Frankie Luvu,79,,Core,,,101013628,https://www.mut.gg/players/13628-frankie-luvu/27-101013628/
Chase McLaughlin,79,,Platinum Players,,,101120873,https://www.mut.gg/players/20873-chase-mclaughlin/27-101120873/
Chase McLaughlin,79,,Core,,,101020873,https://www.mut.gg/players/20873-chase-mclaughlin/27-101020873/
Jakobi Meyers,79,,Core,,,101020433,https://www.mut.gg/players/20433-jakobi-meyers/27-101020433/
Tre'von Moehrig,79,,Core,,,101021490,https://www.mut.gg/players/21490-trevon-moehrig/27-101021490/
Elijah Molden,79,,Core,,,101021660,https://www.mut.gg/players/21660-elijah-molden/27-101021660/
David Montgomery,79,,Core,,,101020489,https://www.mut.gg/players/20489-david-montgomery/27-101020489/
Chad Muma,79,,Core,,,101022186,https://www.mut.gg/players/22186-chad-muma/27-101022186/
Bo Nix,79,,Core,,,101014609,https://www.mut.gg/players/14609-bo-nix/27-101014609/
Rome Odunze,79,,Core,,,101014645,https://www.mut.gg/players/14645-rome-odunze/27-101014645/
Ed Oliver,79,,Core,,,101020548,https://www.mut.gg/players/20548-ed-oliver/27-101020548/
Jaelan Phillips,79,,Core,,,101021512,https://www.mut.gg/players/21512-jaelan-phillips/27-101021512/
Eddy Pineiro,79,,Core,,,101013428,https://www.mut.gg/players/13428-eddy-pineiro/27-101013428/
Eddy Pineiro,79,,Platinum Players,,,101113428,https://www.mut.gg/players/13428-eddy-pineiro/27-101113428/
Michael Pittman,79,,Core,,,101021081,https://www.mut.gg/players/21081-michael-pittman-jr/27-101021081/
Kyle Pitts Sr,79,,Core,,,101021565,https://www.mut.gg/players/21565-kyle-pitts/27-101021565/
Tony Pollard,79,,Core,,,101020473,https://www.mut.gg/players/20473-tony-pollard/27-101020473/
Jackson Powers-Johnson,79,,Core,,,101014704,https://www.mut.gg/players/14704-jackson-powers-johnson/27-101014704/
Bernhard Raimann,79,,Core,,,101022132,https://www.mut.gg/players/22132-bernhard-raimann/27-101022132/
Sheldon Rankins,79,,Core,,,101017550,https://www.mut.gg/players/17550-sheldon-rankins/27-101017550/
Wan'Dale Robinson,79,,Core,,,101022368,https://www.mut.gg/players/22368-wandale-robinson/27-101022368/
Roger Rosengarten,79,,Core,,,101014733,https://www.mut.gg/players/14733-roger-rosengarten/27-101014733/
Jason Sanders,79,,Platinum Players,,,101113478,https://www.mut.gg/players/13478-jason-sanders/27-101113478/
Jason Sanders,79,,Core,,,101013478,https://www.mut.gg/players/13478-jason-sanders/27-101013478/
Dalton Schultz,79,,Core,,,101013435,https://www.mut.gg/players/13435-dalton-schultz/27-101013435/
Khalil Shakir,79,,Core,,,101022074,https://www.mut.gg/players/22074-khalil-shakir/27-101022074/
Trent Sieg,79,,Platinum Players,,,101113645,https://www.mut.gg/players/13645-trent-sieg/27-101113645/
Trent Sieg,79,,Core,,,101013645,https://www.mut.gg/players/13645-trent-sieg/27-101013645/
Tykee Smith,79,,Core,,,101014949,https://www.mut.gg/players/14949-tykee-smith/27-101014949/
Charlie Smyth,79,,Platinum Players,,,101104772,https://www.mut.gg/players/4772-charlie-smyth/27-101104772/
Charlie Smyth,79,,Core,,,101004772,https://www.mut.gg/players/4772-charlie-smyth/27-101004772/
Ronnie Stanley,79,,Core,,,101017545,https://www.mut.gg/players/17545-ronnie-stanley/27-101017545/
Grover Stewart,79,,Pregame Access,,,106012835,https://www.mut.gg/players/12835-grover-stewart/27-106012835/
Geno Stone,79,,Core,,,101021018,https://www.mut.gg/players/21018-geno-stone/27-101021018/
Wyatt Teller,79,,Core,,,101013208,https://www.mut.gg/players/13208-wyatt-teller/27-101013208/
Kayvon Thibodeaux,79,,Core,,,101022139,https://www.mut.gg/players/22139-kayvon-thibodeaux/27-101022139/
Joe Tippmann,79,,Core,,,101022876,https://www.mut.gg/players/22876-joe-tippmann/27-101022876/
Andrew Van Ginkel,79,,Core,,,101020699,https://www.mut.gg/players/20699-andrew-van-ginkel/27-101020699/
Kyle Van Noy,79,,Core,,,101012387,https://www.mut.gg/players/12387-kyle-van-noy/27-101012387/
Jalon Walker,79,,Core,,,101015265,https://www.mut.gg/players/15265-jalon-walker/27-101015265/
Quay Walker,79,,Core,,,101022187,https://www.mut.gg/players/22187-quay-walker/27-101022187/
Cam Ward,79,,Pregame Access,,,106014778,https://www.mut.gg/players/14778-cam-ward/27-106014778/
Jaylen Warren,79,,Core,,,101022471,https://www.mut.gg/players/22471-jaylen-warren/27-101022471/
Tyler Warren,79,,Core,,,101015102,https://www.mut.gg/players/15102-tyler-warren/27-101015102/
Jaylen Watson,79,,Pregame Access,,,106022242,https://www.mut.gg/players/22242-jaylen-watson/27-106022242/
Luke Wattenberg,79,,Core,,,101022435,https://www.mut.gg/players/22435-luke-wattenberg/27-101022435/
Xavier Watts,79,,Core,,,101015331,https://www.mut.gg/players/15331-xavier-watts/27-101015331/
Nate Wiggins,79,,Core,,,101014924,https://www.mut.gg/players/14924-nate-wiggins/27-101014924/
Quincy Williams,79,,Core,,,101020728,https://www.mut.gg/players/20728-quincy-williams/27-101020728/
Mack Wilson Sr,79,,Core,,,101020582,https://www.mut.gg/players/20582-mack-wilson/27-101020582/
Riq Woolen,79,,Core,,,101022247,https://www.mut.gg/players/22247-tariq-woolen/27-101022247/
Marquise Brown,78,,Preseason Standouts,,,111020497,https://www.mut.gg/players/20497-marquise-brown/27-111020497/
C.J. Gardner-Johnson,78,,Preseason Standouts,,,111020621,https://www.mut.gg/players/20621-chauncey-gardner-johnson/27-111020621/
Christian Kirk,78,,Preseason Standouts,,,111013186,https://www.mut.gg/players/13186-christian-kirk/27-111013186/
Roger McCreary,78,,Preseason Standouts,,,111022206,https://www.mut.gg/players/22206-roger-mccreary/27-111022206/
Isiah Pacheco,78,,Preseason Standouts,,,111022334,https://www.mut.gg/players/22334-isaih-pacheco/27-111022334/
John Michael Schmitz Jr,78,,Training Camp,,,107022853,https://www.mut.gg/players/22853-john-michael-schmitz/27-107022853/
Paulson Adebo,78,,Core,,,101021445,https://www.mut.gg/players/21445-paulson-adebo/27-101021445/
Brandon Aiyuk,78,,Core,,,101021069,https://www.mut.gg/players/21069-brandon-aiyuk/27-101021069/
Joe Alt,78,,Core,,,101014694,https://www.mut.gg/players/14694-joe-alt/27-101014694/
David Bailey,78,,Rookies,,,101501887,https://www.mut.gg/players/1887-david-bailey/27-101501887/
Rueben Bain Jr.,78,,Rookies,,,101516334,https://www.mut.gg/players/16334-rueben-bain-jr/27-101516334/
Bryce Baringer,78,,Core,,,101023112,https://www.mut.gg/players/23112-bryce-baringer/27-101023112/
Bryce Baringer,78,,Platinum Players,,,101123112,https://www.mut.gg/players/23112-bryce-baringer/27-101123112/
Cody Barton,78,,Core,,,101020692,https://www.mut.gg/players/20692-cody-barton/27-101020692/
Jake Bates,78,,Platinum Players,,,101101238,https://www.mut.gg/players/1238-jake-bates/27-101101238/
Jake Bates,78,,Core,,,101001238,https://www.mut.gg/players/1238-jake-bates/27-101001238/
Jordan Battle,78,,Core,,,101023025,https://www.mut.gg/players/23025-jordan-battle/27-101023025/
Cooper Beebe,78,,Core,,,101014708,https://www.mut.gg/players/14708-cooper-beebe/27-101014708/
Matthew Bergeron,78,,Core,,,101022878,https://www.mut.gg/players/22878-matthew-bergeron/27-101022878/
Julian Blackmon,78,,Core,,,101021269,https://www.mut.gg/players/21269-julian-blackmon/27-101021269/
Jake Brendel,78,,Core,,,101017912,https://www.mut.gg/players/17912-jake-brendel/27-101017912/
Bradley Chubb,78,,Core,,,101013079,https://www.mut.gg/players/13079-bradley-chubb/27-101013079/
Chuck Clark,78,,Core,,,101012785,https://www.mut.gg/players/12785-chuck-clark/27-101012785/
Kenny Clark,78,,Core,,,101017661,https://www.mut.gg/players/17661-kenny-clark/27-101017661/
James Conner,78,,Core,,,101012664,https://www.mut.gg/players/12664-james-conner/27-101012664/
Charles Cross,78,,Core,,,101022437,https://www.mut.gg/players/22437-charles-cross/27-101022437/
Jayden Daniels,78,,Core,,,101014579,https://www.mut.gg/players/14579-jayden-daniels/27-101014579/
Nakobe Dean,78,,Core,,,101022402,https://www.mut.gg/players/22402-nakobe-dean/27-101022402/
Mansoor Delane,78,,Rookies,,,101501827,https://www.mut.gg/players/1827-mansoor-delane/27-101501827/
Gervon Dexter Sr,78,,Core,,,101022921,https://www.mut.gg/players/22921-gervon-dexter/27-101022921/
Yaya Diaby,78,,Core,,,101022952,https://www.mut.gg/players/22952-yaya-diaby/27-101022952/
Tyrel Dodson,78,,Core,,,101020597,https://www.mut.gg/players/20597-tyrel-dodson/27-101020597/
Caleb Downs,78,,Rookies,,,101516198,https://www.mut.gg/players/16198-caleb-downs/27-101516198/
Josh Downs,78,,Core,,,101022763,https://www.mut.gg/players/22763-josh-downs/27-101022763/
Kyle Dugger,78,,Core,,,101021161,https://www.mut.gg/players/21161-kyle-dugger/27-101021161/
Cobie Durant,78,,Core,,,101022278,https://www.mut.gg/players/22278-decobie-durant/27-101022278/
Arnold Ebiketie,78,,Core,,,101022147,https://www.mut.gg/players/22147-arnold-ebiketie/27-101022147/
Samson Ebukam,78,,Core,,,101012834,https://www.mut.gg/players/12834-samson-ebukam/27-101012834/
Emeka Egbuka,78,,Core,,,101015054,https://www.mut.gg/players/15054-emeka-egbuka/27-101015054/
Evan Engram,78,,Core,,,101012589,https://www.mut.gg/players/12589-evan-engram/27-101012589/
Harold Fannin Jr,78,,Core,,,101015120,https://www.mut.gg/players/15120-harold-fannin-jr/27-101015120/
Troy Fautanu,78,,Core,,,101014700,https://www.mut.gg/players/14700-troy-fautanu/27-101014700/
Reid Ferguson,78,,Core,,,101013039,https://www.mut.gg/players/13039-reid-ferguson/27-101013039/
Reid Ferguson,78,,Platinum Players,,,101113039,https://www.mut.gg/players/13039-reid-ferguson/27-101113039/
Braden Fiske,78,,Core,,,101014855,https://www.mut.gg/players/14855-braden-fiske/27-101014855/
Ryan Fitzgerald,78,,Core,,,101015369,https://www.mut.gg/players/15369-ryan-fitzgerald/27-101015369/
Ryan Fitzgerald,78,,Platinum Players,,,101115369,https://www.mut.gg/players/15369-ryan-fitzgerald/27-101115369/
Cor'Dale Flott,78,,Core,,,101022259,https://www.mut.gg/players/22259-cordale-flott/27-101022259/
Pat Freiermuth,78,,Core,,,101021561,https://www.mut.gg/players/21561-pat-freiermuth/27-101021561/
Taliese Fuaga,78,,Core,,,101014696,https://www.mut.gg/players/14696-taliese-fuaga/27-101014696/
Mason Graham,78,,Core,,,101015237,https://www.mut.gg/players/15237-mason-graham/27-101015237/
Carl Granderson,78,,Core,,,101020417,https://www.mut.gg/players/20417-carl-granderson/27-101020417/
Cedric Gray,78,,Core,,,101014909,https://www.mut.gg/players/14909-cedric-gray/27-101014909/
Omarion Hampton,78,,Core,,,101015045,https://www.mut.gg/players/15045-omarion-hampton/27-101015045/
Javon Hargrave,78,,Core,,,101017670,https://www.mut.gg/players/17670-javon-hargrave/27-101017670/
Anton Harrison,78,,Core,,,101022850,https://www.mut.gg/players/22850-anton-harrison/27-101022850/
Marvin Harrison Jr,78,,Core,,,101014643,https://www.mut.gg/players/14643-marvin-harrison-jr/27-101014643/
Jaylinn Hawkins,78,,Core,,,101021272,https://www.mut.gg/players/21272-jaylinn-hawkins/27-101021272/
TreVeyon Henderson,78,,Core,,,101014810,https://www.mut.gg/players/14810-treveyon-henderson/27-101014810/
Nick Herbig,78,,Core,,,101022982,https://www.mut.gg/players/22982-nick-herbig/27-101022982/
Amani Hooker,78,,Core,,,101020629,https://www.mut.gg/players/20629-amani-hooker/27-101020629/
Malik Hooker,78,,Core,,,101012527,https://www.mut.gg/players/12527-malik-hooker/27-101012527/
Chuba Hubbard,78,,Core,,,101021574,https://www.mut.gg/players/21574-chuba-hubbard/27-101021574/
Ed Ingram,78,,Core,,,101022118,https://www.mut.gg/players/22118-ed-ingram/27-101022118/
Alaric Jackson,78,,Core,,,101021997,https://www.mut.gg/players/21997-aj-jackson/27-101021997/
Jonah Jackson,78,,Core,,,101021113,https://www.mut.gg/players/21113-jonah-jackson/27-101021113/
Mike Jackson,78,,Core,,,101020607,https://www.mut.gg/players/20607-mike-jackson-sr/27-101020607/
Teven Jenkins,78,,Core,,,101021537,https://www.mut.gg/players/21537-teven-jenkins/27-101021537/
Jerry Jeudy,78,,Core,,,101020940,https://www.mut.gg/players/20940-jerry-jeudy/27-101020940/
Juwan Johnson,78,,Core,,,101021058,https://www.mut.gg/players/21058-juwan-johnson/27-101021058/
Zion Johnson,78,,Core,,,101022115,https://www.mut.gg/players/22115-zion-johnson/27-101022115/
Jermaine Johnson II,78,,Core,,,101022141,https://www.mut.gg/players/22141-jermaine-johnson-ii/27-101022141/
Quentin Johnston,78,,Core,,,101022695,https://www.mut.gg/players/22695-quentin-johnston/27-101022695/
Travis Jones,78,,Core,,,101022179,https://www.mut.gg/players/22179-travis-jones/27-101022179/
Ted Karras,78,,Core,,,101017860,https://www.mut.gg/players/17860-ted-karras/27-101017860/
Cole Kmet,78,,Core,,,101020952,https://www.mut.gg/players/20952-cole-kmet/27-101020952/
Malachi Lawrence,78,,Rookies,,,101501811,https://www.mut.gg/players/1811-malachi-lawrence/27-101501811/
Jeremiyah Love,78,,Rookies,,,101516370,https://www.mut.gg/players/16370-jeremiyah-love/27-101516370/
Quan Martin,78,,Core,,,101023053,https://www.mut.gg/players/23053-jartavius-martin/27-101023053/
Jordan Mason,78,,Core,,,101022332,https://www.mut.gg/players/22332-jordan-mason/27-101022332/
Ross Matiscik,78,,Core,,,101021400,https://www.mut.gg/players/21400-ross-matiscik/27-101021400/
Ross Matiscik,78,,Platinum Players,,,101121400,https://www.mut.gg/players/21400-ross-matiscik/27-101121400/
Scott Matlock,78,,Core,,,101023268,https://www.mut.gg/players/23268-scott-matlock/27-101023268/
Cody Mauch,78,,Core,,,101022858,https://www.mut.gg/players/22858-cody-mauch/27-101022858/
Mason McCormick,78,,Core,,,101001083,https://www.mut.gg/players/1083-mason-mccormick/27-101001083/
Will McDonald IV,78,,Core,,,101022919,https://www.mut.gg/players/22919-will-mcdonald-iv/27-101022919/
Chase McLaughlin,78,,Pregame Access,,,106020873,https://www.mut.gg/players/20873-chase-mclaughlin/27-106020873/
Brandon McManus,78,,Core,,,101002278,https://www.mut.gg/players/2278-brandon-mcmanus/27-101002278/
Brandon McManus,78,,Platinum Players,,,101102278,https://www.mut.gg/players/2278-brandon-mcmanus/27-101102278/
Fernando Mendoza,78,,Rookies,,,101516261,https://www.mut.gg/players/16261-fernando-mendoza/27-101516261/
Amarius Mims,78,,Core,,,101014698,https://www.mut.gg/players/14698-amarius-mims/27-101014698/
DeMarvion Overshown,78,,Core,,,101022997,https://www.mut.gg/players/22997-demarvion-overshown/27-101022997/
James Pearce Jr,78,,Core,,,101015202,https://www.mut.gg/players/15202-james-pearce-jr/27-101015202/
Ricky Pearsall,78,,Core,,,101014657,https://www.mut.gg/players/14657-ricky-pearsall/27-101014657/
Denzel Perryman,78,,Core,,,101002560,https://www.mut.gg/players/2560-denzel-perryman/27-101002560/
Bradley Pinion,78,,Core,,,101002604,https://www.mut.gg/players/2604-bradley-pinion/27-101002604/
Bradley Pinion,78,,Platinum Players,,,101102604,https://www.mut.gg/players/2604-bradley-pinion/27-101102604/
Jayden Reed,78,,Core,,,101022786,https://www.mut.gg/players/22786-jayden-reed/27-101022786/
Aaron Rodgers,78,,Core,,,101026668,https://www.mut.gg/players/26668-aaron-rodgers/27-101026668/
Isaiah Rodgers Sr,78,,Core,,,101024432,https://www.mut.gg/players/24432-isaiah-rodgers/27-101024432/
Chad Ryland,78,,Platinum Players,,,101123110,https://www.mut.gg/players/23110-chad-ryland/27-101123110/
Chad Ryland,78,,Core,,,101023110,https://www.mut.gg/players/23110-chad-ryland/27-101023110/
Jonas Sanker,78,,Core,,,101015337,https://www.mut.gg/players/15337-jonas-sanker/27-101015337/
Noah Sewell,78,,Core,,,101022996,https://www.mut.gg/players/22996-noah-sewell/27-101022996/
Josh Simmons,78,,Core,,,101015124,https://www.mut.gg/players/15124-josh-simmons/27-101015124/
Trenton Simpson,78,,Core,,,101022704,https://www.mut.gg/players/22704-trenton-simpson/27-101022704/
Cam Skattebo,78,,Core,,,101014807,https://www.mut.gg/players/14807-cam-skattebo/27-101014807/
Joey Slye,78,,Core,,,101020835,https://www.mut.gg/players/20835-joey-slye/27-101020835/
Joey Slye,78,,Platinum Players,,,101120835,https://www.mut.gg/players/20835-joey-slye/27-101120835/
Omar Speights,78,,Core,,,101014917,https://www.mut.gg/players/14917-omar-speights/27-101014917/
Malaki Starks,78,,Core,,,101015357,https://www.mut.gg/players/15357-malaki-starks/27-101015357/
Terence Steele,78,,Core,,,101021104,https://www.mut.gg/players/21104-terence-steele/27-101021104/
Tarheeb Still,78,,Core,,,101001087,https://www.mut.gg/players/1087-tarheeb-still/27-101001087/
Jawaan Taylor,78,,Core,,,101020534,https://www.mut.gg/players/20534-jawaan-taylor/27-101020534/
Cam Taylor-Britt,78,,Core,,,101022220,https://www.mut.gg/players/22220-cam-taylor-britt/27-101022220/
Brian Thomas Jr,78,,Core,,,101014648,https://www.mut.gg/players/14648-brian-thomas-jr/27-101014648/
Tommy Townsend,78,,Core,,,101021175,https://www.mut.gg/players/21175-tommy-townsend/27-101021175/
Tommy Townsend,78,,Platinum Players,,,101121175,https://www.mut.gg/players/21175-tommy-townsend/27-101121175/
Tuli Tuipulotu,78,,Core,,,101022922,https://www.mut.gg/players/22922-tuli-tuipulotu/27-101022922/
Dallas Turner,78,,Core,,,101014894,https://www.mut.gg/players/14894-dallas-turner/27-101014894/
Parker Washington,78,,Core,,,101022766,https://www.mut.gg/players/22766-parker-washington/27-101022766/
Nathaniel Watson,78,,Core,,,101014921,https://www.mut.gg/players/14921-nathaniel-watson/27-101014921/
Tress Way,78,,Core,,,101002335,https://www.mut.gg/players/2335-tress-way/27-101002335/
Tress Way,78,,Platinum Players,,,101102335,https://www.mut.gg/players/2335-tress-way/27-101102335/
Eric Wilson,78,,Core,,,101012885,https://www.mut.gg/players/12885-eric-wilson/27-101012885/
Michael Wilson,78,,Core,,,101022810,https://www.mut.gg/players/22810-michael-wilson/27-101022810/
Dee Winters,78,,Core,,,101023001,https://www.mut.gg/players/23001-dee-winters/27-101023001/
Mansoor Delane,77,,Collectors Series,,,161301827,https://www.mut.gg/players/1827-mansoor-delane/27-161301827/
Caleb Downs,77,,Collectors Series,,,161316198,https://www.mut.gg/players/16198-caleb-downs/27-161316198/
Dennis Gardeck,77,,Collectors Series,,,161313610,https://www.mut.gg/players/13610-dennis-gardeck/27-161313610/
Colton McKivitz,77,,Collectors Series,,,161321115,https://www.mut.gg/players/21115-colton-mckivitz/27-161321115/
Aaron Rodgers,77,,Collectors Series,,,161326668,https://www.mut.gg/players/26668-aaron-rodgers/27-161326668/
Cam Skattebo,77,,Collectors Series,,,161314807,https://www.mut.gg/players/14807-cam-skattebo/27-161314807/
Xavier Watts,77,,Collectors Series,,,161315331,https://www.mut.gg/players/15331-xavier-watts/27-161315331/
Chase Young,77,,Collectors Series,,,161320985,https://www.mut.gg/players/20985-chase-young/27-161320985/
Dwight Freeney,77,,Legends,,,163314840,https://www.mut.gg/players/14840-dwight-freeney/27-163314840/
Derrick Johnson,77,,Legends,,,163326748,https://www.mut.gg/players/26748-derrick-johnson/27-163326748/
Ronnie Lott,77,,Legends,,,163311469,https://www.mut.gg/players/11469-ronnie-lott/27-163311469/
Gerald McCoy,77,,Legends,,,163309859,https://www.mut.gg/players/9859-gerald-mccoy/27-163309859/
Willie Anderson,77,,Legends,,,163300273,https://www.mut.gg/players/273-willie-anderson/27-163300273/
Martellus Bennett,77,,Legends,,,163328442,https://www.mut.gg/players/28442-martellus-bennett/27-163328442/
Marcel Reece,77,,Legends,,,163310020,https://www.mut.gg/players/10020-marcel-reece/27-163310020/
Marshal Yanda,77,,Legends,,,163328013,https://www.mut.gg/players/28013-marshal-yanda/27-163328013/
Tony Adams,77,,Core,,,101022642,https://www.mut.gg/players/22642-tony-adams/27-101022642/
Tyler Allgeier,77,,Core,,,101022315,https://www.mut.gg/players/22315-tyler-allgeier/27-101022315/
Christian Barmore,77,,Core,,,101021765,https://www.mut.gg/players/21765-christian-barmore/27-101021765/
Tyler Bass,77,,Platinum Players,,,101121170,https://www.mut.gg/players/21170-tyler-bass/27-101121170/
Tyler Bass,77,,Core,,,101021170,https://www.mut.gg/players/21170-tyler-bass/27-101021170/
Andrew Beck,77,,Core,,,101020526,https://www.mut.gg/players/20526-andrew-beck/27-101020526/
Andrew Beck,77,,Platinum Players,,,101120526,https://www.mut.gg/players/20526-andrew-beck/27-101120526/
Dane Belton,77,,Core,,,101022396,https://www.mut.gg/players/22396-dane-belton/27-101022396/
Kayshon Boutte,77,,Core,,,101022901,https://www.mut.gg/players/22901-kayshon-boutte/27-101022901/
Trent Brown,77,,Core,,,101002661,https://www.mut.gg/players/2661-trent-brown/27-101002661/
Coby Bryant,77,,Core,,,101022211,https://www.mut.gg/players/22211-coby-bryant/27-101022211/
Javon Bullard,77,,Core,,,101014944,https://www.mut.gg/players/14944-javon-bullard/27-101014944/
Luther Burden III,77,,Core,,,101015095,https://www.mut.gg/players/15095-luther-burden-iii/27-101015095/
Tyson Campbell,77,,Core,,,101021696,https://www.mut.gg/players/21696-tyson-campbell/27-101021696/
Will Campbell,77,,Core,,,101015160,https://www.mut.gg/players/15160-will-campbell/27-101015160/
Andre Cisco,77,,Core,,,101021466,https://www.mut.gg/players/21466-andre-cisco/27-101021466/
Zaven Collins,77,,Core,,,101021495,https://www.mut.gg/players/21495-zaven-collins/27-101021495/
Josh Conerly Jr,77,,Core,,,101015163,https://www.mut.gg/players/15163-josh-conerly-jr/27-101015163/
Chamarri Conner,77,,Core,,,101023060,https://www.mut.gg/players/23060-chamarri-conner/27-101023060/
Austin Corbett,77,,Core,,,101013177,https://www.mut.gg/players/13177-austin-corbett/27-101013177/
Lloyd Cushenberry III,77,,Core,,,101020974,https://www.mut.gg/players/20974-lloyd-cushenberry-iii/27-101020974/
James Daniels,77,,Core,,,101013137,https://www.mut.gg/players/13137-james-daniels/27-101013137/
Akeem Davis-Gaither,77,,Core,,,101021160,https://www.mut.gg/players/21160-akeem-davis-gaither/27-101021160/
Tank Dell,77,,Core,,,101022764,https://www.mut.gg/players/22764-tank-dell/27-101022764/
SirVocea Dennis,77,,Core,,,101023003,https://www.mut.gg/players/23003-sirvocea-dennis/27-101023003/
Romeo Doubs,77,,Core,,,101022076,https://www.mut.gg/players/22076-romeo-doubs/27-101022076/
Ikem Ekwonu,77,,Core,,,101022439,https://www.mut.gg/players/22439-ikem-ekwonu/27-101022439/
Zach Ertz,77,,Core,,,101000857,https://www.mut.gg/players/857-zach-ertz/27-101000857/
Spencer Fano,77,,Rookies,,,101501819,https://www.mut.gg/players/1819-spencer-fano/27-101501819/
Keldric Faulk,77,,Rookies,,,101516238,https://www.mut.gg/players/16238-keldric-faulk/27-101516238/
Troy Franklin,77,,Core,,,101014647,https://www.mut.gg/players/14647-troy-franklin/27-101014647/
C.J. Gardner-Johnson,77,,Core,,,101020621,https://www.mut.gg/players/20621-chauncey-gardner-johnson/27-101020621/
Mike Gesicki,77,,Core,,,101013192,https://www.mut.gg/players/13192-mike-gesicki/27-101013192/
DJ Glaze,77,,Core,,,101014731,https://www.mut.gg/players/14731-dj-glaze/27-101014731/
Matt Goncalves,77,,Core,,,101014714,https://www.mut.gg/players/14714-matt-goncalves/27-101014714/
Zane Gonzalez,77,,Core,,,101012821,https://www.mut.gg/players/12821-zane-gonzalez/27-101012821/
Zane Gonzalez,77,,Platinum Players,,,101112821,https://www.mut.gg/players/12821-zane-gonzalez/27-101112821/
Mike Green,77,,Core,,,101015200,https://www.mut.gg/players/15200-mike-green/27-101015200/
Robert Hainsey,77,,Core,,,101021643,https://www.mut.gg/players/21643-robert-hainsey/27-101021643/
Maxwell Hairston,77,,Core,,,101015328,https://www.mut.gg/players/15328-maxwell-hairston/27-101015328/
Derick Hall,77,,Core,,,101022974,https://www.mut.gg/players/22974-derick-hall/27-101022974/
Malik Harrison,77,,Core,,,101021145,https://www.mut.gg/players/21145-malik-harrison/27-101021145/
RJ Harvey,77,,Core,,,101015037,https://www.mut.gg/players/15037-rj-harvey/27-101015037/
Johnny Hekker,77,,Platinum Players,,,101111695,https://www.mut.gg/players/11695-johnny-hekker/27-101111695/
Ronnie Hickman,77,,Core,,,101022710,https://www.mut.gg/players/22710-ronnie-hickman/27-101022710/
Dax Hill,77,,Core,,,101022263,https://www.mut.gg/players/22263-daxton-hill/27-101022263/
Cashius Howell,77,,Rookies,,,101516253,https://www.mut.gg/players/16253-cashius-howell/27-101516253/
Kareem Hunt,77,,Core,,,101012633,https://www.mut.gg/players/12633-kareem-hunt/27-101012633/
Olaivavega Ioane,77,,Rookies,,,101516217,https://www.mut.gg/players/16217-olaivavega-ioane/27-101516217/
Austin Jackson,77,,Core,,,101020965,https://www.mut.gg/players/20965-austin-jackson/27-101020965/
Donovan Jackson,77,,Core,,,101015123,https://www.mut.gg/players/15123-donovan-jackson/27-101015123/
Anfernee Jennings,77,,Core,,,101021139,https://www.mut.gg/players/21139-anfernee-jennings/27-101021139/
Braxton Jones,77,,Core,,,101022135,https://www.mut.gg/players/22135-braxton-jones/27-101022135/
Dre'Mont Jones,77,,Core,,,101020553,https://www.mut.gg/players/20553-dremont-jones/27-101020553/
Jarrian Jones,77,,Core,,,101014956,https://www.mut.gg/players/14956-jarrian-jones/27-101014956/
Aaron Jones Sr,77,,Core,,,101012748,https://www.mut.gg/players/12748-aaron-jones/27-101012748/
Sebastian Joseph-Day,77,,Core,,,101013466,https://www.mut.gg/players/13466-sebastian-joseph-day/27-101013466/
Casey Kreiter,77,,Core,,,101017900,https://www.mut.gg/players/17900-casey-kreiter/27-101017900/
